uri,title,year
https://hdl.handle.net/11245/3.1000,Kaart van het eiland Curaçao : benevens een plan van de stad en haven /,1838
https://hdl.handle.net/11245/3.1005,Amsterdam in 1882 /,1882
https://hdl.handle.net/11245/3.101,Gviana siue Amazonvm regio,1630
https://hdl.handle.net/11245/3.1012,"Nova XVII Provinciarum Germaniae Inferioris tabula, Leonis effigie /",1630
https://hdl.handle.net/11245/3.1021,Kaart van Amsterdam : met aanwijzing der negen kiesdistricten /,1896
https://hdl.handle.net/11245/3.1025,"Tafel vande XVII Nederlandze provincien : vertonende der zelver verdeling, grootte van landen en steden : mids-gaders haar regering, zo politicq als kerk-lyk, en veel andere merkweerdige zaken, ten nutte vande historien en geographie",1724
https://hdl.handle.net/11245/3.1028,"Deliniantur in hac tabula orae maritimae Abexiae, freti Mecani al Maris Rubri ... /",1596
https://hdl.handle.net/11245/3.1036,Frisia Occidentalis /,1630
https://hdl.handle.net/11245/3.1037,Hollandiae comitatus.,1636
https://hdl.handle.net/11245/3.1064,Komische Karte des Kriegsschauplatzes.,1854
https://hdl.handle.net/11245/3.1074,Nova totius terrarum orbis geographica ac hydrographica tabula /,1630
https://hdl.handle.net/11245/3.1078,Plan der belegering van het kasteel van Antwerpen.,1853
https://hdl.handle.net/11245/3.1082,Nieuwe kaart van het graafschap Zeeland /,1740
https://hdl.handle.net/11245/3.1083,Nova totius terrarum orbis tabula.,1660
https://hdl.handle.net/11245/3.1089,"De stat Dordrecht met de aenpalende landen als Out Dubbeldam, den Zuyt en Noortpolder, den Alloysen of Boven polder, den polder van Wieldrecht met de aenwassen. Als mede de Merwedegront Crayesteyn en vordere rivieren voorby de voornoemden stadt loopende",1720
https://hdl.handle.net/11245/3.1109,Cart topographique de l'isle St. Martin /,1826
https://hdl.handle.net/11245/3.1120,Tabula Islandiae,1630
https://hdl.handle.net/11245/3.1123,"Hyberniae regni in provincias Ultoniam, Connacham, Lageniam, Momoniamq. divisi tabula accuratissima",1700
https://hdl.handle.net/11245/3.1135,Regium Belgium /,1690
https://hdl.handle.net/11245/3.1145,Delfs Ziel.,1591
https://hdl.handle.net/11245/3.115,[Kaart van het beleg van Geertruidenberg] /,1593
https://hdl.handle.net/11245/3.1166,Nieuwe kaart van 't Kwartier Nymegen /,1744
https://hdl.handle.net/11245/3.1167,"Frisiae Dominium vernaculè Friesland, verdeeld in de Hoofd-deelen van Oostergoo, Westergoo en Sevenwolden. Als ook der XI steden zynde noch onderscheiden de XXX Grietenĳen",1718
https://hdl.handle.net/11245/3.117,Europa : pascaarte /,1660
https://hdl.handle.net/11245/3.1176,Flandria /,1602
https://hdl.handle.net/11245/3.1177,"[Kaart van het eiland Marken en het nabijgelegen deel van de Noordhollandse kust, met ingetekend het ontwerp voor een dijk in de Gouwzee] /",1660
https://hdl.handle.net/11245/3.1182,Freti Magellanici ac novi Freti vulgo Le Maire exactissima delineatio,1630
https://hdl.handle.net/11245/3.1184,"Brabantiae Batavae pars occidentalis, sive Antverpiensis tetrarchiae pars septentrionalis : comprehendens Baroniam Bredanam, Marchionatum Bergensem ad Zomam ... /",1780
https://hdl.handle.net/11245/3.1185,Orbis terrae compendiosa descriptio /,1587
https://hdl.handle.net/11245/3.1186,"Insulae Moluccae celeberrimae sunt ob maximam aromatum copiam quam per totum terrarum orbem mittunt: harum praecipuae sunt Ternate, Tidoris, Motir, Machian & Bachian, his quidam adjungunt Gilolum, Celebiam, Borneonem, Amboinum & Bandam ... /",1592
https://hdl.handle.net/11245/3.1187,Nova XVII provinciarvm discriptio /,1652
https://hdl.handle.net/11245/3.12,"[Paskaart van Sumatra, West-Java en Zuid-Malakka] /",1710
https://hdl.handle.net/11245/3.1201,Kaarte van Schouwen en Duiveland,1753
https://hdl.handle.net/11245/3.1203,Novissima et accuratissima totius Americae descriptio /,1671
https://hdl.handle.net/11245/3.1204,Franekera,1698
https://hdl.handle.net/11245/3.1208,"Nieuwe en naauwkeurige kaart van de drie landen van Overmaaze, Valkenburg, Daalhem en 's Hertogenrade /",1740
https://hdl.handle.net/11245/3.1212,Platte grond van de stad Paramaribo : zoo verre als dezelve tot het jaar 1804 door het Gouvernement aldaar is opgestelt /,1804
https://hdl.handle.net/11245/3.1215,"Carte particuliere des environs de Roermonde, Venlo, le marais de Peel, &c. /",1709
https://hdl.handle.net/11245/3.1217,Nova totius terrarum orbis tabula.,1682
https://hdl.handle.net/11245/3.1218,Tabula geographica indicans iter novum inter Mediolanum et Antverpiam /,1621
https://hdl.handle.net/11245/3.1220,Humoristische-oorlogskaart.,1870
https://hdl.handle.net/11245/3.1225,"Texel, en Flie Stroom /",1712
https://hdl.handle.net/11245/3.1226,Germaniae Inferioris omnium accuratissima delineatio /,1578
https://hdl.handle.net/11245/3.1230,Kaart van het vaarwater van Sourabaya tot Oedjong Pangka /,1843
https://hdl.handle.net/11245/3.1240,"Nova tabula insularum Iavae, Sumatrae, Borneonis et aliarum Malaccam usque /",1598
https://hdl.handle.net/11245/3.1244,Europa.,1700
https://hdl.handle.net/11245/3.1246,Kaart van Amsterdam en omstreken /,1893
https://hdl.handle.net/11245/3.1250,XVII Provinciarum Inferioris Germaniae nec non totius tractus Rheni ultra Francofurtum ... Nova et accurata descriptio /,1630
https://hdl.handle.net/11245/3.1259,"Plan van Straatsburg, hooftstadt van der Elsas ... den 30 September 1680, door den Koning van Vrankryk vermeestert ... als meede het fort Kehl ... den Keyser toebehoorende /",1750
https://hdl.handle.net/11245/3.1263,Caerte van Waterland vertonende de gelegentheyt der Meer en onlangs bedyckt als Buyckslooter Broecker en Belmer meer met de naest gelegen steden.,1640
https://hdl.handle.net/11245/3.1284,Belgii Inferioris descriptio emendata cum circumiacentium regionum confinijs.,1582
https://hdl.handle.net/11245/3.1293,"Meridionalis Americae pars in quinque regiones ab Hispanis dividitur, quae sunt Castella aurea, ut vocant: Popaianum, Peruvia, Chila & Brasilia ... /",1592
https://hdl.handle.net/11245/3.1299,"Pas caart van de Zuyder-Zee Texel, ende Vlie-stroom, als mede 't Amelander gat.",1670
https://hdl.handle.net/11245/3.1300,"Wijsgeerige en staatkundige waereldkaart, waar op de reizen van Cook en La Perouse geteekend zijn /",1802
https://hdl.handle.net/11245/3.1302,Plan van Amsterdam met aanduiding der omnibus lijnen /,1875
https://hdl.handle.net/11245/3.1303,"Nieuwe kaart van het Oostelijk Dok voor de stad Amsterdam met de daarbij behoorende grachten, enz., aangelegd in de jaren 1829, 1830 en 1831 /",1841
https://hdl.handle.net/11245/3.1304,Aria Atoll.,1730
https://hdl.handle.net/11245/3.1309,"Nieuwe aftekening tot droogmakinge van de uytgeveende landen geleegen in Rynland Amstelland & Utrecht als Nieukoop, Sevenhoven, Nieuveen, Schoot de Graaflykheyt, Korteraar, Aarlanderveen en d' Proosdy /",1742
https://hdl.handle.net/11245/3.132,Frisia occidentalis typus.,1581
https://hdl.handle.net/11245/3.1326,"Wassende graade paskaart, vertonende alle de zeekusten van Europa, de geheele Middelandsche Zee, als oock ten Noordwesten, en Noordoosten soo veer als ons tot noch toe bekent is /",1660
https://hdl.handle.net/11245/3.1330,Tabvla Bergarum ad Zomam Stenbergæ et novorum ibi operum /,1630
https://hdl.handle.net/11245/3.1331,Afbeeldingh vande Zype /,1664
https://hdl.handle.net/11245/3.1335,To the citizens of Philadelphia this plan of the city and its environs is respectfully dedicated by the editor /,1800
https://hdl.handle.net/11245/3.1338,"Carte particuliere d'une partie du Brabant Hollandois, du Gueldre et de Cleves ou les environs de Grave, Ravestein, Helmont, Nimégue, Fort de Schenk, Cleves, Gennip, Emmerick &c.",1748
https://hdl.handle.net/11245/3.1348,Plan der gronden aan de Zuid zijde van de gemeente Amsterdam /,1885
https://hdl.handle.net/11245/3.135,Afbeeldingh van 't oost-ent van Vlielant alsmede van 't westent van der Schelling [Terschelling] ende de wijte van 't Vlie /,1676
https://hdl.handle.net/11245/3.1370,"Tabula Frisiae, Groninghae, et territory Embdensis nec non circumjacentium regionum puta Transisalaniae, Benthemiae, Westphaliae, et Oldenburgi /",1642
https://hdl.handle.net/11245/3.1371,Typus orbis terrarum /,1570
https://hdl.handle.net/11245/3.1380,Totius Europae littora novissimè edita = Pascaert vertoonende alle de see-custen van Europa.,1675
https://hdl.handle.net/11245/3.1394,Middelburgum Selandiae opp. situ opere et mercimonijs florentiss.,1609
https://hdl.handle.net/11245/3.1413,"Groot toneel des tegenwoordigen oorlogs in verscheiden gewesten van Duitschland, Frankryk en de Nederlanden : bĳzonder langs de rivieren Rhyn, Moesel en Saar, - Maas en Sambre, - Schelde, Scarpe, Deule, Lĳe enz. vertoonende deeze landkaart teffens onze geheele Republiek in haare water-sterkte en zoo voordeelige ligging voor de commercie en navigatie door middel van alle die bevaarbaare rivieren, welke er in of naast aan uitwateren; alle welke rivieren, met de daar langs gelegene koop-steden en commercieerende landen op deeze kaart aangeweezen en in een bĳgevoegd hand-boek tot gerieflĳk en leerzaam gebruik nader beschreven zijn",1800
https://hdl.handle.net/11245/3.1414,'t Ontzet van Leyden.,1675
https://hdl.handle.net/11245/3.1420,"Nieuwe volledige platte grond van Amsterdam, benevens de ontworpen grachten, straten enz.",1873
https://hdl.handle.net/11245/3.1423,Frisia occidentalis.,1642
https://hdl.handle.net/11245/3.1428,"Rhenoberca obsessa et capta armis ordinum Belgicae Foederatae ductu ill.mi principis Mauritii Nassovii Arausionensium principis, Nassaviae comitis, etc. Anno 1601.",1649
https://hdl.handle.net/11245/3.1440,Plan and section for the lower locks at the Great Falls of Potomak.,1800
https://hdl.handle.net/11245/3.145,Hannonia.,1600
https://hdl.handle.net/11245/3.1467,Aria Atoll : A° 1728 t' Middelburg bij Abrm. Anias.,1728
https://hdl.handle.net/11245/3.1468,"Omnibus kaart, of Nieuwe platte grond der stad Amsterdam : waarop alle de omnibus liniën zijn aangetekend = Carte des omnibus, ou Nouveau plan de la ville d'Amsterdam.",1839
https://hdl.handle.net/11245/3.1478,Dvcatvs Vplandia,1640
https://hdl.handle.net/11245/3.1480,Tabula nova provinciae Ultrajectinae /,1750
https://hdl.handle.net/11245/3.1487,Evropa exactissime descripta /,1619
https://hdl.handle.net/11245/3.1498,"Wassende-graade paskaart, vertoonende nevens het Oostelyckste van Africa, meede de zeekusten van Asia, van de C. de Bona Esperanca tot Eso, boven Iapan.",1660
https://hdl.handle.net/11245/3.1501,De stad haven en mouillie van Algiers neven desselfs kasteelen.,1784
https://hdl.handle.net/11245/3.1516,Exacta Hollandiae tabula /,1670
https://hdl.handle.net/11245/3.1519,Caarte ofte afteeckening van de rivier de Merwede van Gorichem af benedenwaarts etc.,1730
https://hdl.handle.net/11245/3.1525,Gorc[h]um : anno 1600 /,1600
https://hdl.handle.net/11245/3.153,"Nova ac verissima urbis St. Petersburg ab imperatore Russico Petro Alexii f. conditae, item fl. Nevae fossae iussu imp. Russ. factae ac regionis circumiacentis delineatio /",1720
https://hdl.handle.net/11245/3.1540,Comitatis Zelandiae nova descriptio : Anno 1636 /,1636
https://hdl.handle.net/11245/3.1568,Nova totius terrarum orbis geographica ac hydrographica tabula /,1606
https://hdl.handle.net/11245/3.1572,"Amsterdam, met aanwijzing der grachten, verdeeld volgens de 50 buurten met vermelding van derzelven bevolking en de sterfte aan mazelen in 1855 /",1855
https://hdl.handle.net/11245/3.1579,Gids voor wielrijders door Amsterdam : met graphische aanduiding der betreffende verordening ... overeenkomstig de bij de politie berustende kennisgevingen omtrent het inrijden van straten en stegen /,1896
https://hdl.handle.net/11245/3.1582,Plan de l'entreprise et de l'attacque de l'armée Francoise commandée par le mar.l De Villars sur le camp retranchée a Denain commandée par mylord Albemarle le 24 Juillet 1712 /,1712
https://hdl.handle.net/11245/3.1584,"Pascaert van 't eylandt Ceylon, voordesen Taprobana; bij de inwoonders genaemt Lankaun.",1720
https://hdl.handle.net/11245/3.1594,"West-Indische paskaert waer in de graden der breedde over wederzijden vande middellijn wassende so vergrooten dat die geproportioneert sijn tegen hunne nevenstaende graden der lengde : vertonende (behalven Europaes zuydelijckste) alle de zeekusten van Africa en America, begrepen in 't Octroy bij de H.M.H. Staten Generael der vereenichde Nederl. verleent aende Generale West Indische Compagnie : mitsgaders die van Peru en Chili inde groote Zuyd-Zee.",1660
https://hdl.handle.net/11245/3.1611,Novam hanc territorii Francofvrtensis tabulam,1640
https://hdl.handle.net/11245/3.1617,Terra Sancta quae in Sacris Terra Promissionis olim Palestina,1629
https://hdl.handle.net/11245/3.1619,"Edamvm vulgo Edam : Ampliss. Prudentiss. D.D. praetori, consulibus, scabinis, et senatui urbis Edamensis tabulam hanc d.d.d. J. Blaeu",1700
https://hdl.handle.net/11245/3.162,Nouveau plan de la ville et de la forteresse de St. Petersbourg /,1776
https://hdl.handle.net/11245/3.1620,"Les XVII provinces du Païs-Bas avec les terres contiguës : Carte la plus recente, la plus ample, et la plus exacte qui ait encore paru; on y trouve distinctement les villes, les villages, les châteaux, les forteresses, les abbaïes, cloîtres, couvents, etc. ... /",1720
https://hdl.handle.net/11245/3.1623,Amstelodamum celebre emporium forma plana.,1660
https://hdl.handle.net/11245/3.1625,Lvtzenbvrg dvcatvs,1640
https://hdl.handle.net/11245/3.1632,"Caerte vande Vereenichde Nederlanden : mitsgaders de Landen daer aen grensende, als Vlaenderen, Braba[n]t, Limburg, Gulick, Cleef en Berchs-lant, idem een gedeelte van 't Bisdom Collen Westphalen, en Embderlant, uijtgegeven A° 1633.",1633
https://hdl.handle.net/11245/3.1661,Flandria /,1600
https://hdl.handle.net/11245/3.1671,tHooge heemraedschap van Delflant /,1750
https://hdl.handle.net/11245/3.1676,Amsteldam ten tweede mael vergroot is eerst met steene mueren omvangen inden jaere 1482 /,1750
https://hdl.handle.net/11245/3.1680,Hollandia quae olim Cattorum sedes fuit nulli regioni fertilitate cedit divitijs abundat... /,1594
https://hdl.handle.net/11245/3.1683,"Carta noua accurata del passagio et strada dalli Paesi Bassi per via de Allemagna per Italia et per via di Paesi Suizeri à Geneua, Lione et Roma per seruizio delli marchanti et viagianti in generale ad instanza delli Ss. Scherer et di Momforti speditori delli marchantie in Bregens /",1671
https://hdl.handle.net/11245/3.1691,"Caerte van Noorthollant : beghinende van Noortendt, Zuijtwarts up tot om Leijden toe; voorts streckende Oostwaerts tot om Utrecht weder Noortwarts up in de Zuider Zee met alle sijn steden, dorpen, dijcken, weghen, wateren en vaerten, daer inne begrepen elcx na sijne rechte gheleghentheit.",1608
https://hdl.handle.net/11245/3.1695,Nova orbis terrarum delineatio singulari ratione accommodata meridiano tabb. Rudolphi astronomicarum,1630
https://hdl.handle.net/11245/3.1703,Hollandiae Batavor[um] veteris insulae et locorum adiacentium exacta descriptio /,1558
https://hdl.handle.net/11245/3.1705,"Kaart van geheel Guajana of de Wilden-kust, en die der Spaansche Westindiën, op het Noord-end van Zuid Amerika",1767
https://hdl.handle.net/11245/3.1717,[Paskaart van de rede van Bantam en Batavia].,1750
https://hdl.handle.net/11245/3.1722,Picardiae Belgicae regionis descriptio,1579
https://hdl.handle.net/11245/3.1730,Caletensium et Bononiensium ditionis accurata delineatio / Veromanduorum eorumque confinium exactissima descript. / Iohanne Surhonio auctore.,1598
https://hdl.handle.net/11245/3.1735,Amsteldam ten vierde mael vergroot is versterckt met Aerde wallen en Bolwercken inden jaere 1585 /,1650
https://hdl.handle.net/11245/3.174,"Fezzae et Marocchi regna Africae celeberrima,",1700
https://hdl.handle.net/11245/3.1750,Kaart van het Haarlemmerhout naar den laatsten aanleg van den architect J.D. Zocher /,1837
https://hdl.handle.net/11245/3.1753,Evropa,1630
https://hdl.handle.net/11245/3.1767,"Xantvng, Sinarvm Imperii provincia qvarta",1655
https://hdl.handle.net/11245/3.1768,"Algemeene kaart van het Groot Amsterdamsch Kanaal door Noord Holland : voor de koopvaardijvaart en s' Konings Marine tusschen het Y en de reede van Texel, ondernomen in 1819 en voltooid in 1825 /",1825
https://hdl.handle.net/11245/3.1774,[Paskaart van de kust van Atlantische Oceaan].,1750
https://hdl.handle.net/11245/3.1775,Portugalliae et Algarbiae Regna,1682
https://hdl.handle.net/11245/3.1782,"Delflandia, Schielandia, et insulae trans Mosam illis objacentes ut sunt Voorna, Overflackea, Goerea, Yselmonda, etc. /",1631
https://hdl.handle.net/11245/3.1784,"Americae sive novi orbis, nova descriptio",1587
https://hdl.handle.net/11245/3.1795,"Texel, en Vlie Stroom /",1712
https://hdl.handle.net/11245/3.1797,Die generale pascaerte vanden vermaerden Adriaen Gerritsen van Haerlem stierman ende een leermeester aller stierluijden : seer gebetert omt verloopen der sanden ende gaten : ende dit mitsgaders alle sijn werck int licht gebracht van sijne weduwe met hulpe van zeer eerbare luijden /,1587
https://hdl.handle.net/11245/3.1805,"Tabula Gaeographica amplissimae ditionis Westphaliae conterminarumque provinciarum : delineata eo, quo Admirandus Arragoniae potentissimi Hispaniarum Regis archistrategus , eam occupaverat, tempore : continenturque haec tabella ducatus Cliviae ... /",1589
https://hdl.handle.net/11245/3.1813,Drentia comitatvs. Transiselaniæ tabula II. /,1640
https://hdl.handle.net/11245/3.1818,Nieuwe perfecte caert van 't Coningrijk Poortugael en Algarve met de naburige grenzen /,1680
https://hdl.handle.net/11245/3.184,Chaerte vande Wieringer waert : de welcke inden jaere xvi c acht begost is bedyckt te worden ... dat de landen daer inne bedyckt ter nombre van 1895 morgens van 720 roeden de morgen Geestmeerambachts landtmaete of 600 roen binnenbanse ofte Sypse dyckmaete : by alle Contribuanten en gewillighe Bedyckers op den xij.de Julii Ao. xvj c xi by blinde lotinge gekavelt ende gedeelt zyn,1611
https://hdl.handle.net/11245/3.1865,Das heutige Europa.,1875
https://hdl.handle.net/11245/3.1878,"Hemispheriu[m] ab aequinoctiali linea, ad circulu[m] Poli Arctici : hemispheriu[m] ab aequinoctiali linea, ad circulu[m] Poli A[n]tarctici.",1593
https://hdl.handle.net/11245/3.1881,Het Watergraafs of Diemer-Meer.,1725
https://hdl.handle.net/11245/3.1884,Nova tabula India Orientalis /,1660
https://hdl.handle.net/11245/3.1888,Comitatus Hollandiae denuo forma Leonis,1648
https://hdl.handle.net/11245/3.1889,Platte grond van het St. Pieters Gasthuis : benevens alle de daaraan behoorende huizen en tuinen /,1786
https://hdl.handle.net/11245/3.1894,Tabula Ducatus Brabantiae : continens Marchionatum sacri Imperij et Dominium Mechliniense /,1622
https://hdl.handle.net/11245/3.1898,'t Graefschap Holland /,1661
https://hdl.handle.net/11245/3.1902,Lugdunum Batavorum = Leyden in Hollant.,1613
https://hdl.handle.net/11245/3.1905,Hollandiae Cattorum regionis typus.,1609
https://hdl.handle.net/11245/3.1908,"Afbeeldinge van de Maes van de stadt Rotterdam tot in zee, met de aengelege steden, plaetsen, sanden, drooghten en goersen, soo als die tegenwoordigh bevaren wert /",1740
https://hdl.handle.net/11245/3.191,Haerlem /,1628
https://hdl.handle.net/11245/3.1927,Gvinea,1662
https://hdl.handle.net/11245/3.1938,"Beemsterlants caerte met zĳne dycken, ringslooten, wegen, wateringen, polders, poldercaden, molens en molentochten : item omleggende plaetsen, landen en andere eygenschappen, soo als de selve tegenwoordich gheleghen is : droochgemalen met XL molens : gecavelt ende den bedyckers en eygenaars toegeeygendt inden Iare M.DC.XII op den 30 Iulĳ",1658
https://hdl.handle.net/11245/3.1955,Amsterdam.,1867
https://hdl.handle.net/11245/3.1969,'T Hooghe Heymraedtschap vanden Lande van Woerden.,1739
https://hdl.handle.net/11245/3.197,"Totius orbis cogniti universalis descriptio : cui etiam eandem orbis terrae delineationem, duorum circulorum capitate, huius descriptinonis mundi longitudinem documento admirantibus, adiecimus, A° M.D.L.xxxix /",1589
https://hdl.handle.net/11245/3.1975,"Nova Galliae descriptio multis in locis de integro emendata, simulque effigies Principum, praecipuas Gallorum urbes ac habitus exhibens /",1607
https://hdl.handle.net/11245/3.1977,Pascaarte van alle de zè-custen van Europa /,1625
https://hdl.handle.net/11245/3.2001,Nova et accurata comitatus Zelandiae tabula /,1750
https://hdl.handle.net/11245/3.2005,Africa.,1700
https://hdl.handle.net/11245/3.2006,Daniae regni typus,1608
https://hdl.handle.net/11245/3.2007,Zvtphania comitatvs.,1631
https://hdl.handle.net/11245/3.2015,"Effigies ampli Regni auriferi Guineae in Africa siti : extensum inde ab insulis Atlanticis, vulgo dictis, de Cabo Verde: ad flumen Benin usqe, ad cujus ripam sita est Regia urbs et magna Benin, atque inde ad promontorium Lopi Gonsalvi, delineata per S. Rovelascum, et politioribus lineamentis figurata per Ludovicum Texeram, protocosmographum Regis Hispaniarum, eodem anno editus est liber, amplam harum regionum descriptionem continens, per P.D.M. /",1650
https://hdl.handle.net/11245/3.202,"Nieuwe Perfecte Caert Vertoonende de Zee kust van Oost vrieslant af tot Havre de Grace in Vranckryck : voors de XVII Nederlantse Provincie, met een groot Gedeelte van Vranckryck tot Boven Paris, Mede heel Munsterlant en een gedeelte van Duytslant tot Franckfurt ...",1673
https://hdl.handle.net/11245/3.2027,Dvcatvs Limbvrgvm /,1634
https://hdl.handle.net/11245/3.204,"Kaart der landeryen, gelegen aan of onder de rooyinge der Honderd Gaarden, ten westen van de Kostverlooren Vaart; van welken de gestreepten voor 't Geregt van Slooten, en de gestipten voor 't Geregt van Amsterdam moeten worden opgedraagen, in gevolge der overeenkomst van den jaare 1669 /",1767
https://hdl.handle.net/11245/3.2049,De Wormer.,1635
https://hdl.handle.net/11245/3.2068,Belgium sive Inferior Germania post omnes in hac forma exactissime descripta /,1616
https://hdl.handle.net/11245/3.2069,Tvrcici Imperii descriptio,1579
https://hdl.handle.net/11245/3.207,"Kaerte van T Landt van Waes en Hulster Ambacht : mitgaders een gedeelte van Zelandt, waer in mede vertoont wert, het verdeelen vande Rivieren t'Scheldt ende de Honte, met haer ondiepten, Schorren,Polders, Schansen,Redouten, ende Dycken /",1640
https://hdl.handle.net/11245/3.2077,Wachtendonck /,1620
https://hdl.handle.net/11245/3.2081,"Paskaarte van de, Zuyder Zee, met alle des zelfs inkomende gaaten: sooals die op 't zeekerts konnen bezeyld worden: naa haare correkte course, opdoeningen, droogten en diepten. A° 1771.",1771
https://hdl.handle.net/11245/3.2082,Comitatus Hannoniae et Archiepiscopatus Cameracensis tabula,1677
https://hdl.handle.net/11245/3.2091,"[Fragment van een kaart der XVII Verenigde Nederlanden, waarop Henegouwen, het westelijk deel der provincie Namen en het oostelijk deel van het huidige Franse Département du Nord].",1594
https://hdl.handle.net/11245/3.2103,Humoristische Karte von Europa im Jahre 1870,1870
https://hdl.handle.net/11245/3.2104,"Nova et denuo correcta Germaniae tabula, comprehendens X circulos, Regnum Bohemiae, ac universum Helvetiam; cum coeteris regionibus in annexis",1690
https://hdl.handle.net/11245/3.2108,Belgii veteris typvs,1594
https://hdl.handle.net/11245/3.2109,Kennemaria et Westfrisia vulgo et vernaculé Noord-Holland tam in minores quam praecipuas ditiones peraccuraté distincta et edita /,1682
https://hdl.handle.net/11245/3.2112,"Frisiae Dominium vernacule Friesland : verdeeld in de Hoofd-deelen van Oostergoo, Westergoo en Sevenwolden : als ook de 11 Steden zynde noch onderschyden in XXX Grieteneyn /",1750
https://hdl.handle.net/11245/3.2113,Tabula Aphfricae nova /,1596
https://hdl.handle.net/11245/3.2114,Agri Zypani nova descript[io].,1625
https://hdl.handle.net/11245/3.2126,Caerte van de Wormer met haere weegen wateringen en waeter-molens : bestaende in 119 cavelingen elck groot sĳnde 15 morgen van 600 Rĳnlantse roeden.,1668
https://hdl.handle.net/11245/3.2129,"Kaart der landeryen, gelegen aan of onder de honderd gaarden, zo in de Buitenvelder- als Stads-polder; van welken de gestreepten, voor 't geregt van Nieuwer-Amstel of Amsterveen, en de gestipten, voor 't geregt van Amsterdam, moeten opgedraagen worden, in gevolge der overeenkomst van den jaare 1669 /",1767
https://hdl.handle.net/11245/3.2138,Wegwijzer op de Tentoonstelling Amsterdam : extra gids = Guide unique de l'Exposition 1883.,1883
https://hdl.handle.net/11245/3.2140,Kaart van het eiland Walcheren,1753
https://hdl.handle.net/11245/3.2159,Wieringer-waert /,1650
https://hdl.handle.net/11245/3.217,"Fezzae et Marocchi regna Africae celeberrima,",1636
https://hdl.handle.net/11245/3.2171,Nieuwe kaart der stad Amsterdam : waarop zijn gebragt alle de voorgevallen veranderingen : benevens de uitgevoerd wordende kapitale werken van afsluiting der haven door een dijk met sluizen voorzien /... uit echte stukken zamengesteld ; gegraveerd door Dl. Veelwaard Junior.,1829
https://hdl.handle.net/11245/3.2181,"Florentissimi Trajectini principatus typus antehac nunq visus in quo urbis oppidorum pagorum castrorum provinciae atq praecipuoru nobilium monasteriorum fluviorum aquaeductuum principalumq, viaru, necnon finitimoru locorum situs accurate delineatus est /",1649
https://hdl.handle.net/11245/3.2184,Kaart aanwijzende de verspreiding der cholera en het aantal sterfgevallen aan deze ziekte in elk der 50 buurten van Amsterdam  [1 Juni-18 October 1866] /,1867
https://hdl.handle.net/11245/3.2196,"Haec tabella hydrographicé oras maritimas Africae a promontorio dicto Capo de Cantin, Angolam usque, ob oculos ponit, cum situ insularum Hesperidum, vel Promontorij viridis, vulgó Del Cabo Verdo. ... /",1592
https://hdl.handle.net/11245/3.2206,"Pascaerte van Brazil en Nieu Nederlandt, van Corvo en Flores tot de Barbados",1660
https://hdl.handle.net/11245/3.2211,Africae nova tabula,1610
https://hdl.handle.net/11245/3.2231,[Kaart van de Bommelerwaard met het beleg van Zaltbommel door Mendoza].,1610
https://hdl.handle.net/11245/3.2240,Schetskaart van Midden Sumatra : behoorende bij een verslag eener reis van Padang naar Djambi en Palembang /,1877
https://hdl.handle.net/11245/3.2260,Amsterdam uitgelegen aan de IJ-zijde /,1857
https://hdl.handle.net/11245/3.2261,Alpinae seu Foederatae Rhaetiae subditarumque ei terrarum nova descriptio /,1618
https://hdl.handle.net/11245/3.227,Angling in troubled waters : a serio-comic map of Europe /,1899
https://hdl.handle.net/11245/3.2272,Humoristische Karte von Europa,1870
https://hdl.handle.net/11245/3.2273,Territorii Bergensis accuratissima descriptio /,1643
https://hdl.handle.net/11245/3.2282,"Kaarte van eenige landeryen, tuinen, lakenramen enz., gelegen in de Buitenveldersche stads polders, toebehoorende het St. Pieters Gasthuis in Amsterdam : zynde alles gemeten en getekend door den ondergetekenden landmeter by den Hove van Holland geadmitteerd, behalven de kampen N. O. A. B. C. D en E rondom het Pesthuis, benevens de platte grond van 't zelve huis, dewelke uit een oude kaart, gemaakt den 20 July 1676 door Cornelis Koel, overgenomen zyn /",1785
https://hdl.handle.net/11245/3.229,Freti Magellanici ac novi Freti vulgó Le Maire exactissima delineatio /,1630
https://hdl.handle.net/11245/3.2290,"Regni Angliae nova tabula, exhibens principatum Walliae & aliarum provinciarum, civitatum, oppidorum, una cum itineribus ab uno in aliam civitatem.",1689
https://hdl.handle.net/11245/3.2298,Barbaria,1662
https://hdl.handle.net/11245/3.2300,"Seer net gemeete kaarte van de respective polders Mase en Achterdyken, met der selver sluysen, wateringen, weg slooten, stegen en wegen, in den quartiere van Maasland, gelegen aan de rivier de Mase, en in de Mayerye van 's Hertogenbossche, sig uytstreckende van de gemelte stad, langs de Dieskant, tot aan de stad Ravensteyn.",1680
https://hdl.handle.net/11245/3.2301,Platte grond van Amsterdam in 1875 : benevens nieuw ontworpen straten enz. /,1875
https://hdl.handle.net/11245/3.2303,Dominio Veneto nell' Italia,1634
https://hdl.handle.net/11245/3.2312,"Tractus Rheni et Mosae totusque Vahalis à Rhenoberca Gorcomium usque cum terris adjacentibus ducatus Cliviae regno Noviomagensi et Bommelerwaert parte insuper veteris Bataviae quae continet de Betouwe Tielerwaert et com. Buyren, Cuylenborch et Leerdam",1630
https://hdl.handle.net/11245/3.2316,Geographica Artesiae comitatus tabula,1690
https://hdl.handle.net/11245/3.2328,Belgii sive Germaniae Inferioris accuratissima tabula /,1631
https://hdl.handle.net/11245/3.233,[Kaart van Alkmaar],1597
https://hdl.handle.net/11245/3.2340,"Xansi, Imperii Sinarvm provincia secvnda",1655
https://hdl.handle.net/11245/3.2345,Pascaarte van alle de zee-custen van Europa /,1677
https://hdl.handle.net/11245/3.2346,'T Hoogh-Heemraetschap van de Uytwaterende Sluysen in Kennemerlant ende West-Frieslant,1682
https://hdl.handle.net/11245/3.2349,"Gelriae, Cliviae, Iuliae, nec non aliarum regionum adiacentium nova descriptio /",1563
https://hdl.handle.net/11245/3.2350,Pascaarte van de Oostzyde van Brasi[lien] /,1631
https://hdl.handle.net/11245/3.2359,Typvs orbis terrarvm,1586
https://hdl.handle.net/11245/3.236,Corectissima nec non novissima dominii et provinciae Groningae et Omlandiae tabula,1725
https://hdl.handle.net/11245/3.2361,"Carte particuliere de la partie orientale du Flandre Hollandois, le Païs de Waas et le Marquisat du St. Empire ou les environs d'Anvers, Gand, Hulst &c",1748
https://hdl.handle.net/11245/3.2362,"Pas caart van de custen van Hispania : Andaluzia, Portugal, Gallissien, Biscajen, en een gedeelt van Vranckryck, beginnende van Heysant tot aan Larache.",1650
https://hdl.handle.net/11245/3.2365,Topograhia Enchusae /,1670
https://hdl.handle.net/11245/3.2371,Geographia sacra,1598
https://hdl.handle.net/11245/3.2377,"Generale kaart van het Koningrijk der Nederlanden, verdeeld in zeventien provinciën met het groot hertogdom Luxemburg met aanwijzing der jongste begrenzingen, als ook de post-routes, kanalen, enz. = Carte générale du Royaume des Pays Bas ... /",1830
https://hdl.handle.net/11245/3.238,Harlingen.,1682
https://hdl.handle.net/11245/3.2383,Gouda.,1690
https://hdl.handle.net/11245/3.2388,Tvrcicvm Imperivm,1635
https://hdl.handle.net/11245/3.24,Topographical chart of the Island Saint Eustatius /,1829
https://hdl.handle.net/11245/3.2404,America noviter delineata,1630
https://hdl.handle.net/11245/3.2413,Caarte ende afbeeldinge der heerlykheyd van Abbenbroek 1701,1701
https://hdl.handle.net/11245/3.2420,"Plan de la ville de Paris représentant les nouvelles voitures publiques a 30 cent. la course et donnant leurs stationnemens et l'itinéraire des lignes qu'elles parcourent : augmenté du tarif des voitures de place, à la course ou à l'heure, de jour et de nuit /",1830
https://hdl.handle.net/11245/3.2423,Nieuwe beschrijvinghe der Graefschap Hollandt met de landen daer an grensen /,1585
https://hdl.handle.net/11245/3.243,Regnorvm Hispaniae nova descriptio,1630
https://hdl.handle.net/11245/3.2434,"Geldria dvcatvs, et Zvtfania comitatvs.",1631
https://hdl.handle.net/11245/3.2436,Comitatus Hollandiae tabula /,1680
https://hdl.handle.net/11245/3.2443,Pas-Caart van de Middelandsche Zee : vertoonende in twee deelen,1654
https://hdl.handle.net/11245/3.2445,"Caerte van de Schermeer bedyckt ende by cavels van 15 morgen suyver lant, door lotinge uytgedeelt den 25 October anno 1635",1635
https://hdl.handle.net/11245/3.2446,"Chekiang, Imperii Sinarvm provincia decima",1655
https://hdl.handle.net/11245/3.2448,Illustrissimo celsissimoque principi Guilielmo Henrico D.G. Arausionum principi... hanc Comitatus Meursensis et annexarum dinastiarum accuratam tabulam /,1660
https://hdl.handle.net/11245/3.2451,Haerlema.,1641
https://hdl.handle.net/11245/3.246,Traiecti ad Rhenum delineatio ichnographica et scenographica /,1740
https://hdl.handle.net/11245/3.2484,Königreich Griechenland /,1832
https://hdl.handle.net/11245/3.2492,"Nieuwe platte grond van Bergen op Zoom : met de forten op de linie derselver belegeringe en attaque der Franse, zedert den 16. July 1747 : na de origineele aftekening op de plaats, door een voornaam Hollands officier in 't ligt gegeven = Nouveau plan de la ville de Berge sur le Zoom : avec le[!] forts sur la ligne assiegée par le François le 16. Juillet 1747 : sur le dessein fait sur la place, par un Officier Hollandois pendant le Siége.",1750
https://hdl.handle.net/11245/3.2514,Amsteldam /,1690
https://hdl.handle.net/11245/3.253,Nieuwe kaart van Mynden en de Loosdrecht,1734
https://hdl.handle.net/11245/3.2543,"De custen van Noorwegen en Finmarcken : vande uitweerclippen tot aende Noortcaap, als mede hoemen van Hitlandt na Ian Mayen Eylant seylen sal.",1666
https://hdl.handle.net/11245/3.2544,"Kaart van de omleggende plaatsen van Amsterdam : vertoonende de versterkte toegangen met de overstroomingen rontom deeze vermaarde stad, zo als dezelve waren, omtrend het eynde van de maand September 1787, en op dezelve tyd de kwartieren der Pruyssische troupen; en hunne aanvallen den anderen dag den 1e. October, onder het bestier van zyn Hooghyt den regeerende hartog van Brunswyk, om te dienen ter gedachtenis van de geschiedenis van dit aanmerkelyk tydstip",1790
https://hdl.handle.net/11245/3.2545,Amsterdam,1835
https://hdl.handle.net/11245/3.2559,Urbis Traiecti ad Rhenum novissima et accuratissima delineatio /,1725
https://hdl.handle.net/11245/3.2565,Serenissimae reipvblicae Genvensis dvcatvs et dominii nova descriptio,1608
https://hdl.handle.net/11245/3.2591,"Kaerte van Suyt-Hollants grootste deel, vervatende geheel Rynlandt ende Suytkennemerlandt, mitsgaders een gedeelte van Delflandt, Amstellandt ende het Sticht van Uytrecht, vertoonende alle de Steeden, Dorpen, Casteelen, weegen, uytwateringen ende Sluysen, waar inmede te sien is hoe eertyts de Haerlemmermeer ende de Leytsemeer van een gescheyden waren,ende geen gemeenschap en hebben gehat met de Spieringmeer, oock hoe men met de Wagen konde ryden van Haerlem door Vyfhuysen ende Nieuwerkerck na Amsterdam en Uytrecht, mede van Hillegom over de Vennep (alwaer men aen t'Veer met een Schouwe wierde overgeset) ende ryden konde door Aelsmeer, Ryck ende Slooten naer Amsterdam, als mede op Uytrecht, ende was doen ter tyt het vastelandt van den Ruygenhoeck sich streckende tot aen t'voornoemde Veer, gelyck sulx in dese kaerte is afgebeelt, welcke kaerte by Pieter Bruynsen (in syn leeven gesworen Landtmeeter van Ryn ende Kennemerlandt woonachtich tot Haerlem) is gekopieert in den Jare 1591, na sekere kaerte gedateert int Jaer ons Heeren 1531, ende is nae de voorsz. Copye in Druck uytgegegeven door Claes Jansz. Visscher. En nu wederom op ordre van de Heeren Burgemeesteren van Leiden op nieuws gedrukt door Pieter vander Aa, in 't Jaer 1724.",1724
https://hdl.handle.net/11245/3.2599,"Qvantvng, Imperii Sinarvm provincia dvodecima",1655
https://hdl.handle.net/11245/3.26,[Walcheren] /,1690
https://hdl.handle.net/11245/3.2602,"Kaart van den loop der rivieren de Rhijn, de Maas, de Waal, de Merwe, en de Lek, door de provincien van Gelderland, Holland en Utrecht /",1750
https://hdl.handle.net/11245/3.2603,"Delineatio orarum maritimarum, Terrae vulgo indigetatae Terra do Natal ... /",1596
https://hdl.handle.net/11245/3.2605,Limburgi ducatus et comitatus Valckenburgi nova descriptio /,1750
https://hdl.handle.net/11245/3.2610,[Paskaart van Straat Soenda].,1739
https://hdl.handle.net/11245/3.2611,"Lewardvm, occidentalis Frisiæ opp: 1581.",1581
https://hdl.handle.net/11245/3.2618,Asia noviter delineata,1630
https://hdl.handle.net/11245/3.2636,Gorchum.,1613
https://hdl.handle.net/11245/3.2638,Erfordiae primariae Thuringiae urbis novissima ichnographia /,1745
https://hdl.handle.net/11245/3.2651,Zeelandia Comitatus.,1636
https://hdl.handle.net/11245/3.2655,"Nouvelle carte du Roijaume de Hollande, ou l'on trouve la route itinéraire, ainsi que celle des postes établies, pour la commodie des voijageurs = Nieuwe kaart van het Koningrijk Holland, met de juiste post en andere wegen, aangewezen voor reizigers /",1806
https://hdl.handle.net/11245/3.2684,[Paskaart van de Baai van Gala en de Valsche Baai (Ceylon)].,1750
https://hdl.handle.net/11245/3.2691,America.,1700
https://hdl.handle.net/11245/3.2695,Peruvianae pars /,1592
https://hdl.handle.net/11245/3.2697,Tetrachia ducatus Geldriae Ruremondana sive Hispanica /,1750
https://hdl.handle.net/11245/3.2702,"Europam ab Asia & Africa segregant Mare mediterraneum, Euxinus Pontus (nunc Mare Majus) Palus Meotides, Fluminaque Tanais et Duina, ... /",1594
https://hdl.handle.net/11245/3.2709,Nova regni Hispaniae descriptio /,1605
https://hdl.handle.net/11245/3.271,De haven van Curaçao,1825
https://hdl.handle.net/11245/3.2714,Nieuwe kaart van Amsterdam : waarop zijn gebragt alle de voorgevallen veranderingen : benevens de uitgevoerd wordende kapitale werken van afsluiting der haven door een dijk met sluizen voorzien ... /,1829
https://hdl.handle.net/11245/3.2715,Iaponia Regnvm,1655
https://hdl.handle.net/11245/3.2728,[Amsterdam : plattegrond] /,1882
https://hdl.handle.net/11245/3.2732,"Flie en Schellinger stroom Aldus gepylt in 't Nieu gat na Langersandt op den 8 Julij 1708, in presentatie vande Heeren Commissarissen vande Pilotagi, [...] Nicolaes Witsen [...].",1708
https://hdl.handle.net/11245/3.2734,Helvetiae Rhaetiae et Valesiae caeterorumque confoederatorum ut & finitimorum populorum tabula geographica et hydrographica nova & exacta /,1657
https://hdl.handle.net/11245/3.2742,"Pecheli, sive Peking Imperii Sinarvm provincia prima",1655
https://hdl.handle.net/11245/3.27446,Limburgi Ducatus et Comitatus Valckenburgi nova descriptio,1677
https://hdl.handle.net/11245/3.27447,Belgium Foederatum emendate auctum te [!] novissime editum /,1690
https://hdl.handle.net/11245/3.27448,Nova et accvratissima Sinarvm Imperii tabvla.,1658
https://hdl.handle.net/11245/3.27449,Kaart van de stelling van Amsterdam.,1874
https://hdl.handle.net/11245/3.27450,"[Atlas der gemeente Amsterdam : bevattende de grondteekening van alle gebouwen met de tegenwoordige nummering en onderscheiding van gemeente-eigendommen, publieke en bijzondere gebouwen, woon- en pakhuizen /",1870
https://hdl.handle.net/11245/3.27451,[Kaart van percelen in het Ambacht van Berkel (Delftland)] /,1609
https://hdl.handle.net/11245/3.27452,"Generale pascaerte van gantsch Europa : inhoudende de geheele Oostersche, Noortsche en Westersche zeevaert, desgelycx oock de navigatie van de gantsche middelantsche zee, de welcke Africam ende eensdeels Asiam scheydet van Europa, beginnende van Estrecho van Gibraltar voor bij d'eijlanden van Mallorca, Sardinien, Sicilien, Candien ende Cijpres tot Antiochien, Tripoli, ende Alexandrien, ende voorts passerende de Griecse Eijlanden voorbij Constantinopelen in Mare Mahiore tot Trebesonda etc. : Ingelijcks de vaert vande Spaensche ofte Westersche Zee ... doer de gantsche Noort Zee passerende de Noort Caep ... in de Witte Zee voor bij Archangeli ... ende voorts na Nova Zemla ende andere Noortsche landen tot de Rivire Obij in Tartarien, Van ghelijcke de vaert binnen doer de Canaal ... na Denemarken doer de Sond passerende de geheel Ooster Zee ..., elcke plaetse ghestelt op haer behoerlycke breede ende hoochde des pools /",1589
https://hdl.handle.net/11245/3.27453,"Gravia obsessa et expugnata armis Ordinum Belgicae Confoederatae ab illustrissimo principe Mauritio Arausionensium principe Nassauiae Comite, etc. anno 1602.",1649
https://hdl.handle.net/11245/3.27454,"'sHertogenbosch belegert door syn Excellentie Frederick Hendrick prince van Orangien, grave van Nassou etc. den eersten May 1629 = La ville de Bol-Duc assiegeé par son Excellentie Frederick Henri prince d'Orange, conte de Nassau etc. le premier jour de Maij l'an 1629.",1629
https://hdl.handle.net/11245/3.27455,Orbis terrarum typus de integro multis in locis emendatus /,1590
https://hdl.handle.net/11245/3.27456,"Tabula geographica, in qua Paradisus, nec non Regiones, urbes, oppida, et loca describuntur, quorum in Genesi fit mentio /",1590
https://hdl.handle.net/11245/3.27457,"Tabula geographica, in qua Iisraelitarum, ab AEgypto ad Kenahanaeam usque profectiones omnes, et stationes describuntur /",1590
https://hdl.handle.net/11245/3.27458,"Tabula geographica in qua regiones Cananaeae et locorum situs (prout ea temporum Christi, et Apostolorum fuerunt) de integro describuntur, ac suis Limitibus distinguntur /",1590
https://hdl.handle.net/11245/3.27459,"Tabula Geographica, in qua omnes regiones, urbes, oppida, & loca describuntur, quorum mentio fit in Actis & Epistolis Apostolorum, & Apocalypsi : de integro multis in locis emendata, ac regionum limitibus distincta /",1590
https://hdl.handle.net/11245/3.27460,"Exquisita & magno aliquot mensium periculo lustrata et iam retecta Freti Magellanici facies = Eĳgentlicke afbeeldinghe der Magellanischer Strate die nu met veel gevaers ettelĳcke maenden doorsien, van nieus ondeckt is",1628
https://hdl.handle.net/11245/3.27461,Freti Magellanici ac novi freti vulgó Le Maire exactissima delineatio /,1631
https://hdl.handle.net/11245/3.27462,Freti Magellanici ac novi Freti vulgo Le Maire exactissima delineatio.,1636
https://hdl.handle.net/11245/3.27463,Nova totius terrarum orbis geographica ac hydrographica tabula /,1617
https://hdl.handle.net/11245/3.27464,Polus Antarcticus /,1636
https://hdl.handle.net/11245/3.27465,Nova Germaniae Inferioris descriptio /,1614
https://hdl.handle.net/11245/3.27466,A new mape of ye XVII provinces of Low Germanie /,1626
https://hdl.handle.net/11245/3.27467,"Beschrijvinge der Zeecusten vande Zuijd sijde ende Oostzijde van Yerlant vande C. de Clare Oostwaert verbij de Eijlanden van Saltez, Noordtwaert tot aen Dondalck, hoemen alle havenen aldaer beseijlen sal, ende waer voor men hem te hoeden heeft, alles gestelt op rechte streckigen distantien ende hooche des Pools = Description de les costes marines meridionales et Orientales d'Irlande, commencant du C. de Clare vers l'Est iusques a les isles de Saltez, de la vers le Nort iusques a Dondalck, comprennant touts havres et Ports desdictes costes, et monstrant comment on les navigera, et de quoij on se doibt garder.",1608
https://hdl.handle.net/11245/3.27468,"Afbeeldinge nae 't leven der Zeecusten van Barbarien, van de C. Cantin zuijdwaert tot verbij de C. de Geer, mitsgaders de gelegentheijt van 't eijlant Mogodor, alles op zijne rechte streckingen ende hoochte gestelt = Delineation au vif des costes maritimes de Barbarie, entre le C. de Cantin et le C. de Geer, ensemble la situation de l'isle de Mogodor, le tout commodieusement accommodé selon ses vraijes distances, routes et haulteurs du pole.",1608
https://hdl.handle.net/11245/3.27469,"Beschrijvinge der Zeecusten van Noorweghen : geleghen tusschen Berghen ende Dronten, hoemen alle Havenen ende Foorden aldaer beseijlen ende alle periculose clippen ende Rudsen mijden sal = Description des costes marines de Norvege : situez entre Bergues et Dronten, et comment on abordera a ladicte coste tous Ports et Havres, et evitera tous dangereux rochiers et escueilz.",1608
https://hdl.handle.net/11245/3.27470,Kaarte van de Polders der Eemlandtsche leege landen etc. A° 1666 /,1666
https://hdl.handle.net/11245/3.27471,"Leyda, Batavorum Lugdunum, vulgo Leyden : concinna edificiorum et incolarum frequentia pulcherrimum nitidissimumq. opp. ab Hispanis obsidione cinctum, ab Auriacis autem comeatus invectione liberatum Anno parte salutis M DLXX IIII.",1574
https://hdl.handle.net/11245/3.27472,"Rhinolandiae, Amstelandiae et circumjacent aliquot territoriorum accurata desc. /",1629
https://hdl.handle.net/11245/3.27473,"Gallia : Geographica Galliae descriptio, de integro plurimis in locis emendata ac regionum limitibus distincta /",1645
https://hdl.handle.net/11245/3.27474,Limbvrgensis dvcatvs tabvla nova /,1603
https://hdl.handle.net/11245/3.27475,"Gelriae, Cliviae, finitimorvmqve locorvm verissima descriptio /",1612
https://hdl.handle.net/11245/3.27476,Comitatus Hollandiae novissima descriptio /,1629
https://hdl.handle.net/11245/3.27477,"Hollandia quae olim Batavia antiqua Catthorum sedes : undique fere cingitur Mari, praeterquam qua Rheno et Mosa fluminibus ad Orientem et Meridiem à continenti seiungitur: cuius mediterranea fluminibus rivisque ubique fere irrigantur et foecunda ultra quàm dici possit recidunt, adeo ut agroru[m] fertilitate nulli regioni cedat ; ad exemplar descriptinis quam edidit Romae Mich. Tramesini nunc castigatior prostant ; Henricus Nagel fecit ; Joan Bussem[a]cher exc.",1608
https://hdl.handle.net/11245/3.27478,'tGraefschap Holland /,1639
https://hdl.handle.net/11245/3.27479,Comitatus Hollandiae et Domini Ultraiectini Tabula Anno 1681.,1685
https://hdl.handle.net/11245/3.27480,Nova totius terrarum orbis tabula.,1690
https://hdl.handle.net/11245/3.27481,Oost ende West Vrieslandts beschrijvinghe = @Utriusque Frisiorum regionis noviss. descriptio. 1568.,1570
https://hdl.handle.net/11245/3.27482,Zelandicarum insularum exactissima et nova descriptio /,1608
https://hdl.handle.net/11245/3.27483,Frisia Occidentalis /,1579
https://hdl.handle.net/11245/3.27484,Typus Frisiae Orientalis à Dullarto sinu atque amasi ostio ad Iada usque fl. singulari studio ac industria concinnat' et ad vivum expresso /,1622
https://hdl.handle.net/11245/3.27485,Typvs Frisiæ Orientalis /,1664
https://hdl.handle.net/11245/3.27486,Lutzenburge[n]sis montuosissimi ac saltuosissimi Ducatus vera et compendiosa descriptio nunquam antehac visa /,1589
https://hdl.handle.net/11245/3.27487,"Novissima Delflandiae, Schielandiae et circumiacentium insularum ut Voornae, Overflackeae, Goereae, Iselmondae aliarumque tabula /",1641
https://hdl.handle.net/11245/3.27488,Novissima et accvratissima Brabantiae dvcatvs tabvla,1629
https://hdl.handle.net/11245/3.27489,"Gouda, elegantiss. Hollandiae Opp. ad Isalam amnem ubi Goudam flu. à quo Oppidum nomen habet, absorbet 1585.",1585
https://hdl.handle.net/11245/3.27490,Grave.,1649
https://hdl.handle.net/11245/3.27491,Lewardum occidentalis Frisiae opp. 1580.,1580
https://hdl.handle.net/11245/3.27492,Caerte van den Ring van Putten,1701
https://hdl.handle.net/11245/3.27493,Zelandiae comitatus novissima tabula,1720
https://hdl.handle.net/11245/3.27494,Nieuwe Caert van Frieslant,1739
https://hdl.handle.net/11245/3.27495,"Novissima Delflandiae, Schielandiae et circumiacentium insularum ut Voornae, Overflackeae, Goereae, Iselmondae aliarumque tabula /",1629
https://hdl.handle.net/11245/3.27496,Descriptio Germaniae Inferioris.,1570
https://hdl.handle.net/11245/3.27497,"Kaart van de rivier de Hollandsche IJssel van Gouda tot IJsselmonde, in drie bladen /",1860
https://hdl.handle.net/11245/3.276,"Royaume des Pays-Bas, pour servir à l'instruction de la jeunesse /",1830
https://hdl.handle.net/11245/3.2760,Carte particuliere de la plus grande partie de l'isle de Walcheren,1748
https://hdl.handle.net/11245/3.2761,"Leeuwerden de hooftstadt van Frislant = Leoverdia metropolis frisiæ MCDIII, 1603 /",1603
https://hdl.handle.net/11245/3.2764,L'Europe animale : physiologie comique /,1882
https://hdl.handle.net/11245/3.2773,Die stadt Enchuijsen /,1577
https://hdl.handle.net/11245/3.278,Graecia,1640
https://hdl.handle.net/11245/3.2780,"Het Friessche doolhoff, het beruchte dorp Molk-Worren in Friesland; in de griettenije van Heemelumer Olde Ferd; tusschen Staaveren en Hindeloopen /",1740
https://hdl.handle.net/11245/3.2794,[Paskaart van de kust van de Chinese Zee].,1697
https://hdl.handle.net/11245/3.2802,Nova et accurata comitatus Zelandiae tabula /,1700
https://hdl.handle.net/11245/3.2819,"Caarte van de Buyckslooter, Broecker ende Belmer Meeren in Waterlandt",1628
https://hdl.handle.net/11245/3.2824,Angliae regnum /,1600
https://hdl.handle.net/11245/3.283,"Gemeente Amsterdam : gemiddelde betrekkelijke sterfte (buurtsgewijs) over 19 jaren (1859-1877), alsmede hoogte ligging van iedere buurt /",1879
https://hdl.handle.net/11245/3.2834,"Ducatus Geldriae nova tabula in tetrarchias Noviomagi, Arnhemii, Ruremondae in Zutphaniae comitatûm distincta, et edita à auctore Joachimo Ottens geographo Amstelodamensi",1710
https://hdl.handle.net/11245/3.2835,"Gallia, vulgo La France",1662
https://hdl.handle.net/11245/3.2836,"Die vermaerde Coopstadt van Amstelredam : gheconterfeyt met alle zijn Wateren, Brugghen, Straeten, Kercken, Cloosteren, Huysen, Toornen, Poorten, ende mueren, ende omlegghende situatie, ghemaeckt ter eeren der K.M. ende oock den Eersamen Raedt der selver Stadt, ende allen Liefhebberen der Consten etc. /",1544
https://hdl.handle.net/11245/3.2847,Nieuwe kaart der Vereenigde Nederlanden,1744
https://hdl.handle.net/11245/3.2854,Pascaarte vande Oost Zee : van t eylandt Rugen of van de hoeck van Valsterbon tot aen Wyborg,1663
https://hdl.handle.net/11245/3.2856,"Xensi, Imperii Sinarvm provincia tertia",1655
https://hdl.handle.net/11245/3.2875,Status ecclesiasticus et magnus ducatus Thoscanae,1680
https://hdl.handle.net/11245/3.2899,Nieuwe afteekening van het eyland en Koninkryk Sicilia : vertoonende alle desselfs zee havenen anker plaetsen riviere dieptens klippen steeden en vastigheeden,1720
https://hdl.handle.net/11245/3.2901,"Svecia, Dania, et Norvegia, regna Europae Septentrionalia. /",1634
https://hdl.handle.net/11245/3.2919,"Nieuwe kaart van de wydberoemde koopstat Amsteldam met deszelfs gebied : beneevens alle de plaisante weegen en paden buiten de stat, als naa Diemen, de geheele Diemer Meer, alsmeede naa Slooterdyk en den Overtoom &c. /",1770
https://hdl.handle.net/11245/3.2923,Amsteldam ten vierde mael vergroot is versterckt met Aerde wallen en bolwercken in den jaere 1585 = Amstelodamum quartâ vice auctem moenibus terreis vallisque munitum est A° 1585 /,1708
https://hdl.handle.net/11245/3.293,"Pas caart van de Zuyder-Zee Texel, ende Vlie-stroom, als mede 't Amelander gat.",1664
https://hdl.handle.net/11245/3.2939,"Nieuwe kaart van India over de Ganges, of van Malakka, Siam, Cambodia, Chiampa, Kochinchina, Laos, Pegu, Ava, enz",1744
https://hdl.handle.net/11245/3.2941,Orbis terrarum typus de integro multis in locis emendatus,1594
https://hdl.handle.net/11245/3.2944,Etappe kaart der Sumatrasche Bovenlanden van Padang tot Aijerbangies /,1837
https://hdl.handle.net/11245/3.2949,Nova Poloniae delineatio.,1630
https://hdl.handle.net/11245/3.2963,"Pascaart. vant Canaal : begrijpende in sich Engelandt, Schotlandt, en Ierlandt, als mede een gedeelte van Francryck.",1666
https://hdl.handle.net/11245/3.2969,"Civitas Bommelia sicuti fortificabatur, dum Admirantus Arragoniae cum toto exercitu eam obsidebat ac reliquere cogebatur, Anno [1599].",1609
https://hdl.handle.net/11245/3.2980,L'Europe /,1775
https://hdl.handle.net/11245/3.2983,"Caarte vande zee gaaten tusschen Derschelling ende Vlielandt: volgens de verclaring daer van ghedaen (voor den drossert ende burgemeesters vander Schelling) door de ooverluyden ende lootsluyden aldaer, soo 't selve jongst is affgepeylt ende oock daagelyx bevonden wordt met een ordinaris vloet, verthoont den 14 marci a° 1641.",1641
https://hdl.handle.net/11245/3.2985,Afbeelding van Delft /,1729
https://hdl.handle.net/11245/3.2996,Status et ducatus Mediolenensis et Parmensis; quin etiam Veneti dominii ac ducatûs Mantuani partes occidentaliores. Adhibitis Genuae reipublicae reliorumq. /,1680
https://hdl.handle.net/11245/3.3002,Qvarta pars Brabantiae cujus caput Sylvadvcis /,1634
https://hdl.handle.net/11245/3.301,Asiae nova descriptio /,1600
https://hdl.handle.net/11245/3.3011,"Pascaarte. Vande Noort-Zee : vertonende van Caliz tot Dronten, als oock tusschen Doeveren en Hitlandt.",1662
https://hdl.handle.net/11245/3.3014,Sup.s et Inferioris ducatus Silesiae in suos XVII minores principatus et dominia divisi nova tabula,1741
https://hdl.handle.net/11245/3.3020,Rhenolandiae et Amstellandiae exactissima tabula /,1631
https://hdl.handle.net/11245/3.305,Pars septentrionalis Brabantiae et circumiacentium provinciarum.,1625
https://hdl.handle.net/11245/3.3060,Schiedam.,1700
https://hdl.handle.net/11245/3.3061,Romani Imperii imago,1579
https://hdl.handle.net/11245/3.3071,Situatie van het Bloemendaalsche park /,1880
https://hdl.handle.net/11245/3.3072,"Nieuwe caerte verthonende hoe, ende in wat maniere, de Haerlemmer, Leydse, ende Spieringh Meer ... bedyckt soude moghen werden...",1641
https://hdl.handle.net/11245/3.3078,Asia.,1700
https://hdl.handle.net/11245/3.3079,"Palatinatus Rheni nova et accurata descriptio, A° 1621 /",1621
https://hdl.handle.net/11245/3.3093,Molvccæ insvlæ Celeberrimæ,1630
https://hdl.handle.net/11245/3.3097,Hollandia comitatvs.,1634
https://hdl.handle.net/11245/3.3098,Platte grond der Parochie van de H. Catharina te Amsterdam.,1860
https://hdl.handle.net/11245/3.3106,Generale caarte ende afbeeldinge vanden eylande van West Voorn,1701
https://hdl.handle.net/11245/3.3112,Nativus Sueciae adiacentiumque regnorum typus /,1630
https://hdl.handle.net/11245/3.3113,L'Europe dressée sur les observations de Mrs. de l'Academie Royale des Sciences et quelques autres; & sur les memoires les plus recens /,1708
https://hdl.handle.net/11245/3.3117,Goae Indiae Orientalis Metropolis & Emporij longe ditis pro rege Archi-episcopi & supremo senalocupletis exacta descriptio /,1595
https://hdl.handle.net/11245/3.3119,"Afbeelding van West Vlielant mitsgaders van 't Eyer-Lant, de wijte van gat en de breete der strande /",1676
https://hdl.handle.net/11245/3.3127,Nieuwe kaerte van Breda : belegert door syne Altesa Frederick Hendrick van Nassou Prince van Orangien den 23 Iuly 1637.,1637
https://hdl.handle.net/11245/3.313,Transiselania dominivm vernaculè Over-Yssel.,1640
https://hdl.handle.net/11245/3.3131,Frisia occidentalis.,1618
https://hdl.handle.net/11245/3.3135,"Caerte ende voorbereijdinge tot het bedijcken ende droochmaken vande Haerlemer-Meer : om te vertoonen aende E. Wijse vorsienige Heeren Borgemeesteren raden ende regenten vande stadt Amsterdam dat die geluc met goede raet ende daet de hant daer mede willen aenhouwen om't gemene landts beste te soecken om dit groote heerlijcke lofbaerlijcke werck eens bijder hant te neemen om te bedijcken, ende met godes hulpe tot goet landt te brengen, ende profijt doen A° 1640 /",1640
https://hdl.handle.net/11245/3.3150,"Germaniae veteris, typus",1595
https://hdl.handle.net/11245/3.3152,Hollandiae quae olim Catthorum sedes fuit nulli regioni fertilitate cedit divitiis abundat... = In dese caerte is met arbeijt cost ende moeite beschreven nae der conste der geographie tgraefschap van Hollandt... /,1565
https://hdl.handle.net/11245/3.3163,A new map of the city of Amsterdam : most humbly inscrib'd to Iohn Hedworth Esqr.,1720
https://hdl.handle.net/11245/3.3167,Transisalania vulgo Over-Yssel /,1740
https://hdl.handle.net/11245/3.3172,Imperii Sinarvm nova descriptio,1655
https://hdl.handle.net/11245/3.3181,Plan van Hamburg na den grooten brand van den 5 tot 8 mei 1842.,1842
https://hdl.handle.net/11245/3.3188,"Norvegia regnum divisum in suos dioeceses Nidrosiensem, Bergensem, Opsloensem, et Stavangriensem et praefecturam Bahusiae quae et sont subdivisa in in caeteras partes minores",1680
https://hdl.handle.net/11245/3.3189,"Caerte van de Scher-meer Alsoo de selve is Bedyckt ende by Cavels van 15 Morgen suyver landt door lotinge uytgedelt, op den 25 October Anno 1635 ende aldus met groote verbeteringe int licht gegeven.",1662
https://hdl.handle.net/11245/3.3191,Afbeeldinge van Rhynlands waterstaat ten opzigte van 't vergrooten der Haarlemmer of Leydse Meer met de byna gecombineerde en omleggende veenplassen,1740
https://hdl.handle.net/11245/3.3193,Nova Brabantiae Ducatus Tabula /,1610
https://hdl.handle.net/11245/3.3196,Fluviorum Rheni Mosae Mosellae Moeni Neccaris aliorumque minorum in eosdem se exonerantium et regionum circumjacentium descriptio /,1689
https://hdl.handle.net/11245/3.321,Amsterdam,1737
https://hdl.handle.net/11245/3.3213,"Nanking, sive Kiangnan, Imperii Sinarvm provincia nona",1655
https://hdl.handle.net/11245/3.3218,Inferioris Germaniae provinciarum nova descriptio.,1604
https://hdl.handle.net/11245/3.3235,"Fezzae et Marocchi regna Africae celeberrima, /",1635
https://hdl.handle.net/11245/3.3252,"Naeuw-keurige afbeeldinge van alle de posten en vastigheden, by dese weerende oorlogh gemaeckt, in Holland, Utrecht en gedeelte van Gelderlandt /",1700
https://hdl.handle.net/11245/3.3254,Episcopatus Leodiensis in se continens ducatum Bouillonensem marchionatum Francimontensem et comitatum Borchlonensem et Hasbaniae cum aliquot Baronatibus /,1600
https://hdl.handle.net/11245/3.3257,Mappe-monde geo-hydrographique ou Description generale du globe terrestre et aquatique en deux-plans-hemispheres ou sont exactement remarquées en general toutes les parties de la terre et de l'eau suivant les relations les plus nouvelles /,1705
https://hdl.handle.net/11245/3.326,Tabvla Rvssiae,1634
https://hdl.handle.net/11245/3.3269,Silesiae ducatus nova descriptio /,1621
https://hdl.handle.net/11245/3.3276,"Danvbivs, fluvius Europæ maximus, a fontibvs ad ostia, cum omnibus fluminibus, ab utroque latere, in illum defluentibus.",1635
https://hdl.handle.net/11245/3.3279,Leeuwerden.,1664
https://hdl.handle.net/11245/3.3283,Transisalania Provincia; vulgo Over-yssel /,1690
https://hdl.handle.net/11245/3.33,Frisiae occidentalis typus.,1613
https://hdl.handle.net/11245/3.3302,Bohemia.,1630
https://hdl.handle.net/11245/3.3304,Scotia Regnvm cum insulis adjacentibus,1654
https://hdl.handle.net/11245/3.3305,Amsteldam ten vierdemael vergroot is versterckt met Aerde wallen en Bolwercken in den Iaare 1585,1678
https://hdl.handle.net/11245/3.3309,Drentia comitatvs : Transisulaniae tabula II /,1700
https://hdl.handle.net/11245/3.3319,Carte de l'Afrique Meridionale ou Pays entre la Ligne & le Cap de Bonne Esperance et l'isle de Madagascar.,1715
https://hdl.handle.net/11245/3.3324,Medenblick in West-Vrieslandt,1698
https://hdl.handle.net/11245/3.3329,"Plan de la ville, et citadelle de Lille, assiegée par les Alliez, avec les lignes de circumvalation, aproches, bateries; et le nom de chaque regiment = Afbeeldinge van de stercke stad Ryssel en des selfs kasteel door de Geallieerde beleegert, met haar linie van circumvalatie, aproches, battaryen, en de naamen van jder regement",1708
https://hdl.handle.net/11245/3.3331,De Purmer /,1622
https://hdl.handle.net/11245/3.3335,"De cust van Barbaria, Gualata, Arguyn, en Geneheo, van Capo S. Vincente tot Capo Verde.",1666
https://hdl.handle.net/11245/3.3339,"Carte particuliere d'une partie de la Hollande, de la Zelande, et du Brabant Hollandois, ou les environs de Bergen op Zoom, Steenbergen, Willemstadt, Clundert, Tolen, Goes, Ziericzee et Hellevoetsluis &c.",1748
https://hdl.handle.net/11245/3.3353,Nieuwe kaart van het Koningrijk der Nederlanden /,1816
https://hdl.handle.net/11245/3.3355,Plan de la ville et faubourg de Paris : divise en ses 48 sections /,1791
https://hdl.handle.net/11245/3.3361,"Carte du teatre de la guerre dans la Pologne, Moscovie & Turquie /",1733
https://hdl.handle.net/11245/3.3362,Clivia dvcatvs et Ravestein dominivm.,1635
https://hdl.handle.net/11245/3.3363,"Paris, ses fauxbourgs et ses environs, où se trouve le détail des villages, maisons, grands chemins pavez et autres, des hauteurs, bois, vignes, terres et prez /",1795
https://hdl.handle.net/11245/3.3371,"A new and exact map of the United Provinces, or Netherlands &c",1715
https://hdl.handle.net/11245/3.338,[Walcheren].,1656
https://hdl.handle.net/11245/3.3383,Kaart van de omstreeken der stad Haarlem van de Beverwijk tot Hillegom /,1805
https://hdl.handle.net/11245/3.3388,"Delineatio omnium orarum totius Australis partis Americae, dictae Peruvianae, à R. de la Plata, Brasiliam, Pariam, & Castellam auream ... /",1596
https://hdl.handle.net/11245/3.340,"Nova Francia, alio nomine dicta Terra nova : anno 1504 à Britonibus primum detecta [...] /",1592
https://hdl.handle.net/11245/3.341,Caerte van het lant van Huijsduijnen : met sijn dijcken stranden hoofden ende palen mits gaders het Nieuwe Diep in wijte koers ende diepte tsamen gestelt /,1661
https://hdl.handle.net/11245/3.342,Alckmaria,1698
https://hdl.handle.net/11245/3.353,Ultraiectum Dominium /,1624
https://hdl.handle.net/11245/3.355,Caerte van t'Vrije : sijnde een gedeelte en lidt van Vlaenderen : waer in vertoont wert de tegenwoordige ghelegentheijt van de stadt Sluys Cadsand en de doorgesteken polders /,1622
https://hdl.handle.net/11245/3.360,Deze nieuwe kaart van Gooilandt word met schuldige eerbiedigheidt aan ... Henrick Bicker ... opgedragen door ... Reinier & Iosua Ottens,1740
https://hdl.handle.net/11245/3.3618,Europae nova descriptio,1615
https://hdl.handle.net/11245/3.367,Groninga Dominivm /,1630
https://hdl.handle.net/11245/3.372,Franeker /,1598
https://hdl.handle.net/11245/3.38,"Delineatio orarum Manicongi, Angolae, Monomotapae, terrae natalis Zofalae, Mozambicae, Abyssinorum &c. : una cum vadis, et sirtibus adjacentibus : item insulae magna vulgo S. Laurentii aliâs Madagascar dictae, inter maximas totius Orientis habitae /",1592
https://hdl.handle.net/11245/3.385,[Wereldkaart : in twee halfronden] /,1661
https://hdl.handle.net/11245/3.38559,"Caerte van de rivieren van Suriname en Commowine : met der selver uytstroomende creecken, met alle de landen soo verre de selve bewoonde worden.",1688
https://hdl.handle.net/11245/3.38560,"Carte Réduite des costes de la Guyane depuis la Riviere d'Orenoque jusqu'au Cap de Nord à l'entrée de la Riviere des Amazones : dressée au Depost des Cartes et Plans de la Marine, pour le Service des Vaisseaux du Roy /",1760
https://hdl.handle.net/11245/3.38561,"A new chart of the Coast of Guyana, from River Berbice to Cape North, and the River of the Amazons : Containing the Dutch Colonies of Berbice and Surinam, with the French Colony of Cayenne.",1796
https://hdl.handle.net/11245/3.38562,"A new chart of Guyana : comprehending the Colonies of Cayenne, Suriname & Trinidad /",1816
https://hdl.handle.net/11245/3.38563,"Carte génerale & particulière de la Colonie d'Essequebe & Demerarie : située dans la Guiane, en Amérique /",1798
https://hdl.handle.net/11245/3.38564,Naaukeurige platte grond van den staat en den loop van Rio de Berbice : met derzelver plantagien in de Geoctrojeerde Colonie de Berbice gelegen /,1742
https://hdl.handle.net/11245/3.38565,Kaart van de Zuykerplantagie Nieuwzorg : geleegen aan de Commetewane Kreek aan de linker hand in 't afvaaren /,1802
https://hdl.handle.net/11245/3.38566,A chart of the coast of Guyana : from the entrance of the river Orinoco (in the Lat. 8°.30'.N. Long. 61°. W. from London) to the entrance of the river Amazones /,1767
https://hdl.handle.net/11245/3.38567,"Kaart, van een gedeelte van het Groot-Vlaggen-Eijland in de Rivier Essequebo in het Landschap-Guiana op de vaste-kust van Zuijd-America /",1772
https://hdl.handle.net/11245/3.38568,Plattegrond der Plantage Adrichem.,1775
https://hdl.handle.net/11245/3.38569,"[Kaart van de plantages Acaribo en Waterland, gelegen aan de Suriname-rivier] /",1716
https://hdl.handle.net/11245/3.38570,"[Kaart van de plantages Acaribo, Waterlandt, Larencontre en Domburgh, gelegen aan de Suriname-rivier /",1719
https://hdl.handle.net/11245/3.38571,Accurate afteekening van de Plantage Waterland : geleegen inde Rivier Zuriname aan de regterhand int opvaaren ... /,1724
https://hdl.handle.net/11245/3.38572,Kaart van de Situatie der Kolonie Surinamen.,1800
https://hdl.handle.net/11245/3.38573,Kaart van de Plantagie genaamd Haijamma : geleegen aan de westwal in 't opvaaren der Rivier van Rio Demmerary zoo als dezelve bevonden is in Maart 1772.,1772
https://hdl.handle.net/11245/3.38574,Kaart van de Colonie Demerary.,1786
https://hdl.handle.net/11245/3.38575,"Accurate en origineele afbeeldinge, van Paramaribo, of Nieuw Middelburg, geleegen in de Colonie Zuriname.",1740
https://hdl.handle.net/11245/3.38577,"Caarte, representeerende een gedeelte der rivier Van Suriname : van de post, aan de boven schijd linie van Acaribo, nederwaarts tot de molen op Waterland /",1717
https://hdl.handle.net/11245/3.38580,Situatie kaart van een gedeelte der colonie Suriname : tot gebruyk bij militaire togten in t bosch /,1829
https://hdl.handle.net/11245/3.38581,Kaarte van de Plantagie genaamd Rynestyn : toebehoorende ... K. van den Helm Boddaert /,1777
https://hdl.handle.net/11245/3.38582,"Nieuwe caerte van het wonderbaer ende goudrijcke landt Guiana : gelegen onder de Linie Æquinoctiael, tusschen Brasilien ende Peru : nieuwelick besocht door Sir Wa[!]ter Ralegh, Ridder van Engelandt, in het jaer 1594, 95 ende 1596.",1599
https://hdl.handle.net/11245/3.38583,The Dutch Colony of Surinam /,1768
https://hdl.handle.net/11245/3.38584,"Kaart van geheel Guajana of de Wilden-kust, en die der Spaansche Westindiën, op het Noord-end van Zuid Amerika",1767
https://hdl.handle.net/11245/3.38585,"A Map of the Colony of Surinam : to ... George Dunk Montague, Earl of Halifax, one of His Majesty's principal Secretaries of State &c. &c. &c. this map laid down from actual observations /",1771
https://hdl.handle.net/11245/3.38586,"A draught of the coast of Guiana : from the river Orinoque, to the river Amazones.",1750
https://hdl.handle.net/11245/3.38588,"[Kaart van de plantage Acaribo, gelegen aan de Suriname-Rivier].",1723
https://hdl.handle.net/11245/3.38589,Carte de la Guiane Française & Hollandaise.,1800
https://hdl.handle.net/11245/3.38590,"Caerte van de rivier Demerary van ouds Immenary : gelegen op Suyd Americaes Noordkust, op de Noorder Breedte van 6 gr. 40 min. 1759 /",1759
https://hdl.handle.net/11245/3.38591,"Caerte van de rivier Demerary van ouds Immenary : gelegen op Suyd Americaes Noordkust, op de Noorder Breedte van 6 gr. 40 min. 1759 /",1759
https://hdl.handle.net/11245/3.38592,"Algemeene kaart van de Colonie of Provintie van Suriname : met de rivieren, districten, ontdekkingen door militaire togten en de grootte der gemeeten plantagien /",1737
https://hdl.handle.net/11245/3.38593,Generale caart van de provintie Suriname : rivieren & districten met alle d ondekkingen van van [!] militaire togten mitsgaders de groote der gemeetene plantagien gecarteert op de naauwkeurigste waarnemingen /,1737
https://hdl.handle.net/11245/3.38594,Rivier Suriname : opgenomen tot de Plantagien Morgenstond en Susanna's-Daal /,1843
https://hdl.handle.net/11245/3.38595,Kaart van Situatie der Kolonie Suriname /,1829
https://hdl.handle.net/11245/3.38596,Land-kaart van het eiland en de volksplanting van Cayenne aan de kust van Zuid-Amerika.,1769
https://hdl.handle.net/11245/3.38597,"Topographische Charte von der Kolonie Surinam : welche in dem Theile des vesten Landes von dem Mittäglichen America, unter dem 6ton Grade mitternächtlicher Breite und dem 19ten Grade 15 Min. der Länge gelegen ist : worauf alle Wohnplätze und deren Nahmen, wie man sie in der unmittelbar nach dieser Charte folgenden Haupt Liste verzeichnet findet, numerirt sind /",1775
https://hdl.handle.net/11245/3.38598,Kaart van het bebouwde gedeelte van Surinamen,1817
https://hdl.handle.net/11245/3.38599,Kaart van het bovenstroomgebied der Coppename /,1901
https://hdl.handle.net/11245/3.38600,Kaart van de Beneden-Marowĳne,1896
https://hdl.handle.net/11245/3.38601,Kaart van Suriname /,1882
https://hdl.handle.net/11245/3.38602,"Kaart van Guiana, Engelsch, Nederlandsch en Fransch",1889
https://hdl.handle.net/11245/3.38603,Schetskaart aangevende de in verschillende tractaten en uitspraken vastgestelde grenzen der 3 Guyana's en de uitkomsten van de aardrijkskundige onderzoekingen.,1908
https://hdl.handle.net/11245/3.38604,Gviana sive Amazonvm regio,1633
https://hdl.handle.net/11245/3.38605,Gviana siue Amazonvm regio,1630
https://hdl.handle.net/11245/3.38606,Generale kaart der kolonie Suriname : hoofdzakelijk voorstellende de tegenwoordige bebouwing dier kolonie /,1835
https://hdl.handle.net/11245/3.38607,"Schets kaart van de kolonie Suriname of Nederlandsch Guiana, 1853",1853
https://hdl.handle.net/11245/3.38608,"Nieuwe Kaart van Suriname : vertonende de stromen en land-streken van Suriname, Comowini, Cottica, en Marawini, gelegen in Zuid America op de kusten van Caribana. 6 gr. benoorden de Linie Equinoct. met naauwkeurige aanwijzinge van alle de steden, sterktens en plantagien mitsgaders de diepte der stromen en banken volgens de nieuwste waarnemingen.",1718
https://hdl.handle.net/11245/3.38609,Kaart van de rivier de Suriname,1877
https://hdl.handle.net/11245/3.38610,Kaart van de rivier Suriname en het Gat /,1869
https://hdl.handle.net/11245/3.38611,Paramaribo 1916-17,1920
https://hdl.handle.net/11245/3.38612,Suriname /,1900
https://hdl.handle.net/11245/3.38613,[Kaart van Suriname].,1900
https://hdl.handle.net/11245/3.38614,Kaart van de Colonie Suriname in Suid-America /,1816
https://hdl.handle.net/11245/3.38615,Nieuwe gemeten kaart van de Colonie Berbice : met der zelver plantagien en de namen der bezitters /,1740
https://hdl.handle.net/11245/3.38616,Landkaart van de Volkplantingen Suriname en Berbice,1758
https://hdl.handle.net/11245/3.38617,Plan of Paramaribo (Capital) /,1845
https://hdl.handle.net/11245/3.38618,Guaiana : ofte de Provincien tusschen Rio de las Amazonas ende Rio de Yuiapari ofte Orinoque.,1625
https://hdl.handle.net/11245/3.38619,"Algemeene kaart van de Colonie of Provintie van Suriname : met de rivieren, districten, ontdekkingen door militaire togten en de grootte der gemeeten plantagien /",1758
https://hdl.handle.net/11245/3.38620,"Caerte van de rivier Demerary van ouds Immenary : gelegen op Suyd Americaes Noordkust, op de Noorder Breedte van 6 gr. 40 min. 1759 /",1759
https://hdl.handle.net/11245/3.38621,"Carte génerale & particulière de la Colonie d'Essequebe & Demerarie : située dans la Guiane, en Amérique /",1798
https://hdl.handle.net/11245/3.38622,"Schets kaart van de Colonien van Rio Demerarij en Rio Essequebo : als meede van de verlaatene Colonie van Rio Pomeron, mitsgaders van een gedeelte der Colonie van Rio Berbice, met de verdere districten, rivieren en kreeken dier Colonien, als ook de streckkinge de[!] zee-kust en derzelver bancken ... /",1780
https://hdl.handle.net/11245/3.38623,Naaukeurige platte grond van den staat en den loop van Rio de Berbice : met derzelver plantagien in de Geoctrojeerde Colonie de Berbice gelegen /,1742
https://hdl.handle.net/11245/3.38624,Generale caart van de provintie Suriname : rivieren & districten met alle d ondekkingen van van [!] militaire togten mitsgaders de groote der gemeetene plantagien gecarteert op de naauwkeurigste waarnemingen /,1737
https://hdl.handle.net/11245/3.38625,Nieuwe specialkaart van de colonie Suriname : met de tot culture gebragt zĳnde landen en plantagien : eerbiedigst opgedragen aan alle geinteresseerdens op en ingezetenen der gemelde colonie,1801
https://hdl.handle.net/11245/3.38626,"Algemeene kaart van de Colonie of Provintie van Suriname : met de rivieren, districten, ontdekkingen door Militaire Togten en de Grootte der gemeeten plantagien /",1770
https://hdl.handle.net/11245/3.38627,Kaart van Suriname :,1899
https://hdl.handle.net/11245/3.389,Ultrajecti ejusdemque territorii delineatio geometrica,1715
https://hdl.handle.net/11245/3.393,"Exactissima Belgii Foederati tabula : cum annexis divisa in provincias, earumque partes minores",1740
https://hdl.handle.net/11245/3.394,Nieuwelijx gegraavene doorvaart bij Panderen getrokken van de Waal in den Rijn; zijnde in de over Betuwe in Gelderland,1725
https://hdl.handle.net/11245/3.396,Plan de la ville de Tholose.,1631
https://hdl.handle.net/11245/3.403,Obsessi apud Bommeliam Hispani an. 1585.,1585
https://hdl.handle.net/11245/3.406,"Italiae, Sardiniae, Corsicae et confinium regionum nova tabula, effigies praecipuarum urbium et habituum inibi simul complectens /",1606
https://hdl.handle.net/11245/3.413,Fokien Imperii Sinarvm provincia vndecima,1655
https://hdl.handle.net/11245/3.419,"Afcontrafeijtinge van t'Landt van den Zijpe : bedyckt inden jaere 1597, begrijpende binnen den ring zijner dijcken (lanck zijnde 5475 roeden, streckende van den Pettemer dijck bij de Laij, tot aen-den ouden Vrieschen Zeedijck bij oosten de Keijns) de nombre van 9060 morgens, tot 600 roeden de morgen, ende de roede van 12 voeten /",1600
https://hdl.handle.net/11245/3.425,[Kaart van het eiland Schokland].,1762
https://hdl.handle.net/11245/3.432,Het Bloemendaalsche park /,1880
https://hdl.handle.net/11245/3.44,Kaart van het eiland Aruba /,1825
https://hdl.handle.net/11245/3.447,Nobilis Hannoniae comitatvs descrip. /,1572
https://hdl.handle.net/11245/3.448,Tabula Regnorum Sueciae et Norvegiae /,1690
https://hdl.handle.net/11245/3.453,"Nieuwe kaart van Mynden, en de 2 Loosdrechten : midtsgaders van s'Gravenland, nevens het Gerecht van Breukelen, en Loendersloot &c. /",1750
https://hdl.handle.net/11245/3.459,"Brabantiae Batavae pars orientalis, comprehendens tetrarchiam sive majoratum Sylvaeducensem in ejusdem subjacentes ditiones, accuratissime divisum /",1750
https://hdl.handle.net/11245/3.471,Nieuwe kaart van het Koningrijk der Nederlanden benevens de Nederlandsche bezittingen in andere werelddeelen /,1868
https://hdl.handle.net/11245/3.505,Nova XVII. Belgicarum provinciarum descriptio /,1588
https://hdl.handle.net/11245/3.513,Plan van het Hoog en Laag Philippine.,1750
https://hdl.handle.net/11245/3.519,Beemsterlants caerte.,1650
https://hdl.handle.net/11245/3.52,"Kaart van den Haarlemmer-Hout cum annexis : zynde gemeeten en gekaarteerd door my ondergetekenden in het jaar 1756, en nu met de daar ingemaakte veranderingen in plaat gebragt; wordende deeze ... opgedraagen aan ... burgemeesteren en regeerders der stad Haarlem ... mitsgaders aan de ... houtvester en commissarissen over den Haarlemmer-Hout /",1769
https://hdl.handle.net/11245/3.523,Novissima Russiae vulgo Moscoviae tabula,1690
https://hdl.handle.net/11245/3.527,Moravia marchionatus = Merhern /,1620
https://hdl.handle.net/11245/3.528,Novissima et perfectissima Africae descriptio /,1690
https://hdl.handle.net/11245/3.529,Palestinae sive totivs terrae promissionis nova descriptio,1579
https://hdl.handle.net/11245/3.532,"Hollandiae pars meridionalior, vulgo Zuyd-Holland /",1682
https://hdl.handle.net/11245/3.554,Hollandiae Batavor[um] veteris insulae locorum adiacentium exacta descriptio /,1563
https://hdl.handle.net/11245/3.557,Nieuwe kaart van Europa 1870.,1870
https://hdl.handle.net/11245/3.573,Carte de la Sicile /,1777
https://hdl.handle.net/11245/3.578,Die stat Groeningen ingenomen.,1594
https://hdl.handle.net/11245/3.581,"Novissima Regni Scotiae Septentrionalis et Meridionalis tabula, divisae in ducatus, comitatus, vice-comitatus,  provincias, praefecturas, dominia et insulas /",1690
https://hdl.handle.net/11245/3.587,Kaart der provincie Utrecht 1839 /,1840
https://hdl.handle.net/11245/3.59,"Texel, en Vlie Stroom /",1712
https://hdl.handle.net/11245/3.592,Regno di Napoli,1634
https://hdl.handle.net/11245/3.594,[Bologna] /,1581
https://hdl.handle.net/11245/3.60,"Afbeelding Van de Platte Grond Der Stad Delft, in den Jare 1672 : Door Zeker Ingenieur Gedaan, tegelijk Aanwijzende hoemen Deze Stad indien tijt Soude Hebben Kunnen Fortificeeren.",1729
https://hdl.handle.net/11245/3.61,Nieuwe kaart van het Koningrijk der Nederlanden en het Groot-Hertm. Luxemburg.,1820
https://hdl.handle.net/11245/3.612,"Nieuwe caerte van het wonderbaer ende goudrijcke landt Guiana : gelegen onder de Linie Æquinoctiael, tusschen Brasilien ende Peru : nieuwelick besocht door Sir Wa[!]ter Ralegh, Ridder van Engelandt, in het jaer 1594, 95 ende 1596.",1599
https://hdl.handle.net/11245/3.615,Comitatus Hollandiae tabula,1690
https://hdl.handle.net/11245/3.616,[Kaart van Wieringen met het Koegras].,1623
https://hdl.handle.net/11245/3.621,Plano de Barcelona y sus alrededores en 1890 : aprobado por el exemo. ayuntamiento en session del dia 13 de Enero de 1891 /,1891
https://hdl.handle.net/11245/3.625,[Paskaart van de Baai van Nilewelle].,1750
https://hdl.handle.net/11245/3.634,Nova Helvetiae tabula.,1620
https://hdl.handle.net/11245/3.635,Abrahami patriarchae peregrinatio et vita,1590
https://hdl.handle.net/11245/3.647,Elba isola olim Ilva,1640
https://hdl.handle.net/11245/3.650,Nova totius terrarum orbis tabula /,1725
https://hdl.handle.net/11245/3.653,"Nouvelle carte du Roijaume de Hollande, ou l'on trouve la route itinéraire, ainsi que celle des postes établies, pour la commodité des voijageurs = Nieuwe kaart van het Koningrijk Holland, met de juiste post en andere wegen, aangewezen voor reizigers /",1809
https://hdl.handle.net/11245/3.663,Pascaerte van West Indien van de Caribes tot aen de Golfo van Mexico.,1666
https://hdl.handle.net/11245/3.67,Tabula Comitatus Frisiae /,1750
https://hdl.handle.net/11245/3.68,Humoristische kaart van Europa 1870.,1870
https://hdl.handle.net/11245/3.688,"Typus orarum maritimarum Guineae, Manicongo & Angolae ultra promontorium Bonae spei usque ... /",1596
https://hdl.handle.net/11245/3.702,Tabula Ducatus Brabantiae : continens Marchionatum sacri Imperij et Dominium Mechliniense /,1642
https://hdl.handle.net/11245/3.718,Namurcum comitatus /,1600
https://hdl.handle.net/11245/3.728,Italiae novissima descriptio,1570
https://hdl.handle.net/11245/3.739,Uitlegging der stad Amsterdam aan de IJ zijde met een brug over het IJ /,1865
https://hdl.handle.net/11245/3.74,Alcmaer /,1603
https://hdl.handle.net/11245/3.740,Comitatus Zelandiae accurata & novissima delineatia.,1690
https://hdl.handle.net/11245/3.744,"Kiangsi, Imperii Sinarvm provincia octava",1655
https://hdl.handle.net/11245/3.749,Lugdunum Batavorum Anno 1675 /,1675
https://hdl.handle.net/11245/3.753,Asia recens summa cura delineata /,1615
https://hdl.handle.net/11245/3.761,"Carte particuliere de la partie occidentale du Flandre Hollandois &c. ou les environs de l'Ecluse, Bruges, Ostende &c",1748
https://hdl.handle.net/11245/3.763,[Zeekaart van de Azoren en de Canarische eilanden /,1592
https://hdl.handle.net/11245/3.765,Zvydhollandia stricte sumta.,1631
https://hdl.handle.net/11245/3.772,Zeelandia comitatus.,1635
https://hdl.handle.net/11245/3.777,Platte grond der stad Amsterdam,1842
https://hdl.handle.net/11245/3.786,Orbis terrarum typus de integro multis in locis emendatus /,1600
https://hdl.handle.net/11245/3.790,Lacvs Lemanni locorvmqve circvmiacentivm accvratissima descriptio,1635
https://hdl.handle.net/11245/3.791,Comitatus Flandria.,1633
https://hdl.handle.net/11245/3.796,Spoorwegkaart van Nederland.,1871
https://hdl.handle.net/11245/3.797,De Heerlycheyt van Over-yssel /,1632
https://hdl.handle.net/11245/3.8,GeneralKarte von Europa /,1817
https://hdl.handle.net/11245/3.803,Generale caarte vanden lande van Voorne aande oost zyde van Flacquee /,1701
https://hdl.handle.net/11245/3.808,Het dorp Egmondt op Zee.,1700
https://hdl.handle.net/11245/3.812,Caerte van de Purmer /,1622
https://hdl.handle.net/11245/3.825,Ultraiectini Dominii tabula /,1684
https://hdl.handle.net/11245/3.838,"Kaerte van t' Koegras : geleegen tusschen Wieringen, en Wieringer Waerdt, Zype, Callants-ooge, ende Huysduyne /",1672
https://hdl.handle.net/11245/3.859,Messina citta di Maria Vergine /,1642
https://hdl.handle.net/11245/3.86,Plan van eenen steenen brug over het IJ voor de stad Amsterdam /,1843
https://hdl.handle.net/11245/3.866,Ducatus Franciae Orientalis seu Sac. Rom. Imperij  principatus et episcopatus Herbipolensis vulgo Würtzburgensis cum omnibus suis officiis et pertinentijs geographice exhibitus /,1720
https://hdl.handle.net/11245/3.87,Afbeeldinge van de wydvermaarde en beroemde koopstad Amsteldam met d'omleggende landen,1750
https://hdl.handle.net/11245/3.881,Amsterdam /,1766
https://hdl.handle.net/11245/3.901,Middelburg /,1671
https://hdl.handle.net/11245/3.918,De Paltz te Soesterberg : groot hectn. 67.13.83.,1875
https://hdl.handle.net/11245/3.922,[Atlantische Oceaan].,1750
https://hdl.handle.net/11245/3.925,Italia antiqua /,1603
https://hdl.handle.net/11245/3.930,[Nieuwe pas-kaart van Texel en den Horst].,1782
https://hdl.handle.net/11245/3.935,"Belgium, sive Inferior Germania post omnes in hac forma exactissime descripta /",1666
https://hdl.handle.net/11245/3.936,"Exacta & accurate delineatio cùm orarum maritimarum tùm etiam locorum terrestrium quae in regionibus China, Cauchinchina, Camboia sive Champa, Syao, Malacca, Arracamn & Pegu ... = Waarachtige uitworpinghe ofte afbeeldinge van alle die custen ende landen van China, Cauchinchina, Camboja, Sijao, Malacca Arracan ende Pegu : mitsgaders alle die bijleggende eijlanden groote ende cleinen, mit noch die clippen, riffen, sanden, droochten ende ondiepten /",1595
https://hdl.handle.net/11245/3.963,Bird's-eye view of the interoceanic canal of Nicaragua and Costa Rica /,1897
https://hdl.handle.net/11245/3.979,"Carta noua accurata del passagio et strada dalli Paesi Bassi per via de Allemagna per Italia et per via di Paesi Suizeri à Geneua, Lione et Roma per seruizio delli marchanti et viagianti in generale ad instanza delli Ss. Scherer et di Momforti speditori delli marchantie in Bregens",1651
https://hdl.handle.net/11245/3.980,Novissima et accuratissima XVII provinciarum Germaniae Inferioris delineatio /,1690
https://hdl.handle.net/11245/3.981,[Kaart van het Crake Sandt bij de Vliet Stroom] /,1650
https://hdl.handle.net/11245/3.985,"Carte particuliere d'Amstelland, ou Les environs d'Amsteldam, Muyden, Weesp, Naarden &c. = Particuliere kaart van Amstellandt, of Het omleggende van Amsteldam, Muyden, Weesp, Naarden &c.",1749
https://hdl.handle.net/11245/3.989,Peregrinatie Iesu Christi : een ordentlicke bescrijvinge des Heijlighen landts daer ten tijde des Nieuwen Testaments ... /,1591
https://hdl.handle.net/11245/3.991,"Caerte van Noorthollant beghinende van Noortendt, Zuytwarts up tot om Leyden toe; voorts streckende Oostwaerts tot om Utrecht weder Noortwarts up in de Zuider Zee met alle sijn steden, dorpen, dijcken, weghen, wateren en vaerten, daer inne begrepen elcx na syne rechte gheleghet.",1608
https://hdl.handle.net/11245/3.997,"Tabula Hollandiae Borealis, cognitae olim sub nomine Kennemariae et Westfrisiae /",1708
https://hdl.handle.net/11245/3.1117,"Nieuwe kaart van de XVII Nederlandsche Provincien : waar in aangewezen worden de landen door den Koning van Vrankryk geconquesteerd als mede die van het Huis van Oostenryk, van den Koning van Pruisen en den Staat der Vereenigde Nederlanden, alles volgens het laatste tractaat van Barriere",
https://hdl.handle.net/11245/3.1379,Amsteldam soo het selve is omhaynt geweest met houte Vesten en Toorens inden Iaere 1400,
https://hdl.handle.net/11245/3.1387,Amstelodami veteris et novissimae urbis accuratissima delineatio,
https://hdl.handle.net/11245/3.1464,Tetrachia ducatus Geldriae Neomagensis,
https://hdl.handle.net/11245/3.1496,"Regni Poloniae et ducatus Lithvaniae Voliniae, Podoliae Vcraniae Prvssiae, Livoniae et Cvrlandiae /",
https://hdl.handle.net/11245/3.1523,"Dania regnum in quo sunt ducatus Holsatia et Slesvicum insulae Danicae et provinciae Iutia, Scania, Blekingia et Hallandia /",
https://hdl.handle.net/11245/3.1771,Ducatus Geldriae Tetrachia Arnhemiensis sive Velavia,
https://hdl.handle.net/11245/3.1779,"Terra Sancta, sive Promissionis, olim Palestina /",
https://hdl.handle.net/11245/3.1819,Tabula nova provinciae Ultrajectinae,
https://hdl.handle.net/11245/3.1870,Accuratissima totius regni Hispaniae tabula /,
https://hdl.handle.net/11245/3.1997,Tabula ducatus Brabantiae : continens marchionatum Sacri Imperii et dominium Mechliniensis /,
https://hdl.handle.net/11245/3.2088,De Wormer.,
https://hdl.handle.net/11245/3.216,"Les duchés de Savoye, de Genevois, de Chablais; les comtés de Morienne, de Tarentaise et la baronie de de Faussigny, le baillage de Gex et la seigneurie de Geneve",
https://hdl.handle.net/11245/3.2253,Accuratissima Galliae tabula vulgo Royaume de France,
https://hdl.handle.net/11245/3.2257,Asiae nova delineatio /,
https://hdl.handle.net/11245/3.2450,"Afbeeldinge van zeker concept tot bedykinge van de Haarlemer, Leydse en andere byleggende meeren",
https://hdl.handle.net/11245/3.2538,Flandriae comitatus accuratissima descriptio /,
https://hdl.handle.net/11245/3.2556,Kennemaria et Westfrisia vulgo et vernaculé Noord-Holland tam in minores quam praecipuas ditiones peraccuraté distincta et edita,
https://hdl.handle.net/11245/3.2688,Transisalania Provincia vulgo Over-Yssel,
https://hdl.handle.net/11245/3.2777,Leo Belgicus,
https://hdl.handle.net/11245/3.3026,"Nova totius Hungariae, Serviae, Romaniae, Bulgariae, Walachiae, Moldaviae, Sclavoniae, Croatiae, Bosniae, Dalmatiae, maximq. partis Danubii fluminis /",
https://hdl.handle.net/11245/3.3288,Comitatus Zutphaniae sive Geldriae Tetrachiae Zutphaniensis Isalaeque fluvii,
https://hdl.handle.net/11245/3.3352,"Galletiae regni descriptio : ubi Compostella civitas, in cuius cathedrali ecclesia B. Iacobi Hispaniarum protectoris, et tutelaris patroni corpus summa veneratione asservatur ... /",
https://hdl.handle.net/11245/3.3370,Regnum Bohemiæ eique annexæ provinciæ ut ducatus Silesiæ marchionatus Moraviæ et Lusatiæ vulgo die Erbländeren /,
https://hdl.handle.net/11245/3.3381,Carte de l'enclavement de la Gueldre Autrichienne.,
https://hdl.handle.net/11245/3.350,"Carte des Provinces unies des Pays Bas : tirée des cartes les plus correcte qui en ont été faites sur les lieux, rectifiées par les observations et opérations géometriques de Snellius et par celles que Mr. Cassini y a faites en dernier lieu",
https://hdl.handle.net/11245/3.3706,[Atlas],
https://hdl.handle.net/11245/3.38576,[Dieptekaart van de monding van de Suriname-rivier].,
https://hdl.handle.net/11245/3.38578,Plan van Defensie van de Rivier Surinamen.,
https://hdl.handle.net/11245/3.38579,[Dieptekaart van de monding van de Nickerie-Rivier].,
https://hdl.handle.net/11245/3.38587,Waterland.,
https://hdl.handle.net/11245/3.38628,"[Opdoeningen van de kustlijn van Suriname, bij de monding van de Saramacca en Coppename en bij het Bramspunt].",
https://hdl.handle.net/11245/3.503,"Novissima et accuratissima totius Italiæ, Corsicæ et Sardiniæ",
https://hdl.handle.net/11245/3.537,Niewe Kaerte van T Landt van Waes ende Hulster Ambacht : vertoonende oock de Stroomen van de Ooster ende Wester Schelde,
https://hdl.handle.net/11245/3.654,Europa /,
https://hdl.handle.net/11245/3.675,Nova Persiae Armeniae Natoliae et Arabiae.,
https://hdl.handle.net/11245/3.682,Ducatus Geldria et Zutphania Comitatus.,
https://hdl.handle.net/11245/3.795,"Nova totius Angliae, Scotiae, et Hiberniae tab. /",
https://hdl.handle.net/11245/3.816,Comitatus Flandriae accuratissima descriptio /,
https://hdl.handle.net/11245/3.862,Africæ accurata tabula.,
https://hdl.handle.net/11245/3.40073,Amsterdam.,1918
https://hdl.handle.net/11245/3.40075,"Exactissima Belgii Foederati tabula : cum annexis divisa in provincias, earumque partes minores",1740
https://hdl.handle.net/11245/3.40076,Belgium foederatum /,1730
https://hdl.handle.net/11245/3.40093,Asiae in tabula geographica delineatio,1740
https://hdl.handle.net/11245/3.40094,Carte des Indes et de la Chine,1750
https://hdl.handle.net/11245/3.40095,"Le royaume de Siam : auec les royaumes qui luy sont tributaires, et les isles de Sumatra, Andemaon etc. et les isles voisine[!] avec les observations des six pères Jesuites envojez par le roy en qualité de ses mathematiciens dans les Indes, et à la Chine ou est aussi tracée la route qu'ils ont tenüe par le destroit de la Sonde jusqu'à Siam",1710
https://hdl.handle.net/11245/3.40096,Insulae Iavae Pars Orientalis,1720
https://hdl.handle.net/11245/3.40097,Insulae Iavae Pars Occidentalis,1720
https://hdl.handle.net/11245/3.40098,"Het Koningryk Japan, verdeelt in acht en zestig provintien /",1740
https://hdl.handle.net/11245/3.40099,Amstelodamum celebre emporium forma plana.,1661
https://hdl.handle.net/11245/3.40100,Plan tot uitbreiding van Amsterdam.,1867
https://hdl.handle.net/11245/3.40101,Kaart van Amsterdam 1:10.000 /,1951
https://hdl.handle.net/11245/3.20465,"Neuer Sächsischer Atlas, enthaltenb die sieben Kreise des Kuhrfürstenthums Sachsen : als I. den Kuhrbreis II. . Meisnischeen. III . Leipziger. IV. . Thuringischen. V. . Erzgeburgischen VI. . Voigtlandischen und VII. . Neustadtischen, ingleichen I. die Marggrafschaft Ober und Niederlausitz II. die gefurstete Grafschaft Henneberg, nebst allen angrenzenden Landon und der Furstenthumern und Herrschaften des Fusthichen Hauses Sachsen.",1760
https://hdl.handle.net/11245/3.38668.01,"Nieuw vermeerderd en verbeterd groot stedeboek van geheel Italie, of naauwkeurige beschryving van alle deszelfs steden, paleizen, kerken, en voornaamste gebouwen, enz. /",1724
https://hdl.handle.net/11245/3.39624,"Figuratieve plattegrond der stad Paramaribo (kolonie Suriname, Zuid-Amerika) /",1885
https://hdl.handle.net/11245/3.39632,Nieuwe en nette aftekening vande door gravinge die er staat te geschieden beginnende van de stadt Utrecht tot aan Spakenborg in de Zuyder Zee met des zelfs afbakinge &c,1725
https://hdl.handle.net/11245/3.39633,"Nieuwe kaart van den Lande van Utrecht volgens ordre van d'Ed. Mog. Heeren Staten ... doen meten en in kaart brengen, door Bernard du Roy, ingenieur ; G. Hoet del. ornam. ; T. Doesburgh sculps",1743
https://hdl.handle.net/11245/3.39634,Ultrajecti ejusdemque territorii delineatio geometrica,1715
https://hdl.handle.net/11245/3.39635,Kaart van de stad Utrecht en eene zyde van de revier de Leck : met de batteryen retranchementen die door de burgers van Utrecht op orders van den Hr. Rhyn grave Von Salm buiten de stad en omleggende plaatsen in den jaare 1787 zyn opgeworpen,1789
https://hdl.handle.net/11245/3.39636,"Ducatus Geldriae nova tabula in tetrarchias Noviomagi, Arnhemii, Ruremondae in Zutphaniae comitatûm distincta, et edita à auctore Joachimo Ottens geographo Amstelodamensi",1710
https://hdl.handle.net/11245/3.39642,Caarte vanden Slaperdĳk streckende vande Stichtse bergen tot aan de hoogte van Gelderland,1705
https://hdl.handle.net/11245/3.39643,Een gedeelte van de heerlyckheyt van Maerseveen,1690
https://hdl.handle.net/11245/3.39644,Deze landkaart van den Thieler Waard,1759
https://hdl.handle.net/11245/3.39646,Transisalania Provincia vulgo Over-Yssel,1743
https://hdl.handle.net/11245/3.39649,"Gueldre Hollandois ou La Veluwe, La Betuwe et le Comté de Zutphē dans le Duché de Gueldre",1696
https://hdl.handle.net/11245/3.39650,Wandkaart van Nederlandsch Oost-Indië,1902
https://hdl.handle.net/11245/3.39651,"Kaart van Zuid-Amerika : ten gebruike bij het onderwijs in de aardrijkskunde, bijzonder voor scholen, instituten en gymnasiën /",1860
https://hdl.handle.net/11245/3.39652,"De Hofstad van der Duijn, met het bosch en reijgerie, en de landen daaraan behoorende beginnende uijtte Meer en Rotte, en strekkende voords Noord Oost ten Oosten tot aan d' ander zijde van 't dorp Zeven-huijsen, eertijds toebehoord hebbende de Jon[khee]r Jacob van der Duijn, Heere van Sprangh met zijn broederen /",1790
https://hdl.handle.net/11245/3.39835,"Nieuwe landkaart van het koningrijk der Nederlanden versierd met de wapens der voornaamste landen van Europa : aanwijzende hoofdzakelijk al de spoorwegen en stations al de andere groote wegen en bestraatte binnewegen, kanaalen, meeren, rivieren, steden, dorpen, gehuchten enz. verdeelt in provincien, arrondissementen en kantons /",1873
https://hdl.handle.net/11245/3.39836,"Nieuwe landkaart van het koningrijk der Nederlanden versierd met de wapens der voornaamste landen van Europa : aanwijzende hoofdzakelijk al de spoorwegen en stations al de andere groote wegen en bestraatte binnenwegen, kanaalen, meeren, rivieren, steden, dorpen, gehuchten enz. verdeelt in provinciën, arrondissementen en kantons.",1874
https://hdl.handle.net/11245/3.39837,Nederlandsch Indië.,1873
https://hdl.handle.net/11245/3.39838,Platte grond der stad Rotterdam /,1873
https://hdl.handle.net/11245/3.39839,Bivak op den avond van 8n. April 1873 ; Bivak in de sawahvlakte voor de Missigit,1873
https://hdl.handle.net/11245/3.39840,Nieuw plan van de stad Rotterdam /,1873
https://hdl.handle.net/11245/3.39841,Schets van de Missigit en omstreken,1873
https://hdl.handle.net/11245/3.39842,Schets van de Missigit en omstreken,1873
https://hdl.handle.net/11245/3.39843,Kaart van Sumatra naar de beste bronnen bewerkt,1873
https://hdl.handle.net/11245/3.39854,Topographische kaart der residentie Japara : opgenomen ingevolge Gouvernements Besluit dd. 6 Julij 1866 no. 8 van November 1866 tot Junij 1869 /,1873
https://hdl.handle.net/11245/3.39867,Kaart van het terrein des oorlogs in het rijk Atjeh nabij de hoofdplaats opgenomen in April 1873 door de expeditionaire verkennings brigade,1873
https://hdl.handle.net/11245/3.40074,"Nieuwe kaart van de XVII Nederlandsche Provincien : waar in aangewezen worden de landen door den Koning van Vrankryk geconquesteerd als mede die van het Huis van Oostenryk, van den Koning van Pruisen en den Staat der Vereenigde Nederlanden, alles volgens het laatste tractaat van Barriere",
https://hdl.handle.net/11245/3.40077,"Hollandiae Comitatus una cum Ultrajectino Dominio nec non maximis partibus Geldriae Ducatus = Kaart van 't graafschap Holland naauwkeurig afgedeelt in zyne Heemraadschappen, Baljuwschappen en Waarden nevens verscheide andere minder afdeelingen en onderhorige landen als mede van de Heerlykheit Utrecht en het grootste gedeelte van Gelderlandt",
https://hdl.handle.net/11245/3.40078,"Hollandiae Comitatus una cum Ultrajectino Dominio nec non maximis partibus Geldriae Ducatus = Kaart van 't graafschap Holland naauwkeurig afgedeelt in zyne Heemraadschappen, Baljuwschappen en Waarden nevens verscheide andere minder afdeelingen en onderhorige landen als mede van de Heerlykheit Utrecht en het grootste gedeelte van Gelderlandt",
https://hdl.handle.net/11245/3.27214,[Atlas],
https://hdl.handle.net/11245/3.39630,Ultraiectini Dominii tabula,
https://hdl.handle.net/11245/3.39631,Tabula nova provinciae Ultrajectinae,
https://hdl.handle.net/11245/3.39637,Ducatus Geldriae Tetrachia Arnhemiensis sive Velavia,
https://hdl.handle.net/11245/3.39638,Tetrachia ducatus Geldriae Neomagensis,
https://hdl.handle.net/11245/3.39639,Comitatus Zutphaniae sive Geldriae Tetrachiae Zutphaniensis Isalaeque fluvii,
https://hdl.handle.net/11245/3.39640,Tetrachia ducatus Geldriae Ruremondana secundum divisiones tractatuum Ultrajecti &c,
https://hdl.handle.net/11245/3.39641,Transisalania Provincia vulgo Over-Yssel,
https://hdl.handle.net/11245/3.39645,"Nouvelle discription du Dvché de Gveldres comprennant aussy le comté de Zvtphen auecq le dvché de Cleves, la Mayerie de Bois-le-Dvc etc. = Nieuwe beschryvinge van het Hertogdom van Gelre begrypende mede het Graefschap Zutphen met het Hertogdom van Cleef en andere bygelegen landen",
https://hdl.handle.net/11245/3.39647,La Seigneurie d'Utrecht,
https://hdl.handle.net/11245/3.39648,"La Seigneurie d'Over-Yssel subdivisée en trois parties Sallant, Twente et Drente",
https://hdl.handle.net/11245/3.39844,Amstelredamum emporium Hollandiæ primarium totiusque Europæ celeberrimum /,
https://hdl.handle.net/11245/3.39946,"Atlas minor sive Tabulae geographicae praecipuorum regnorum regionum, insularum, provinciarum, etc. /",